EventID,CardID,Copies
3,1917,1
243,1917,1
3,1136,2
18,1136,1
27,1136,4
28,1136,1
44,1136,1
54,1136,1
76,1136,1
102,1136,2
129,1136,1
196,1136,1
230,1136,2
246,1136,1
273,1136,3
281,1136,1
292,1136,1
295,1136,1
317,1136,2
3,1492,3
41,1492,4
126,1492,1
148,1492,2
165,1492,1
243,1492,1
305,1492,1
3,1918,2
5,1918,1
17,1918,21
27,1918,2
29,1918,12
41,1918,5
43,1918,12
65,1918,19
75,1918,2
77,1918,11
89,1918,3
91,1918,7
101,1918,1
103,1918,10
112,1918,2
114,1918,4
126,1918,1
128,1918,21
135,1918,1
137,1918,14
148,1918,3
150,1918,20
165,1918,6
167,1918,2
178,1918,2
180,1918,5
186,1918,3
188,1918,13
196,1918,1
198,1918,3
207,1918,6
209,1918,12
219,1918,2
221,1918,11
230,1918,6
232,1918,24
243,1918,3
245,1918,18
257,1918,4
259,1918,3
270,1918,2
272,1918,18
281,1918,4
283,1918,18
294,1918,14
305,1918,3
307,1918,11
317,1918,3
319,1918,12
3,16,1
4,16,5
16,16,8
18,16,1
19,16,2
28,16,4
31,16,2
42,16,4
54,16,5
57,16,1
66,16,4
76,16,4
78,16,2
90,16,6
93,16,1
94,16,1
102,16,4
104,16,2
105,16,3
112,16,2
115,16,2
116,16,1
126,16,1
127,16,7
129,16,3
136,16,4
148,16,3
149,16,3
165,16,1
166,16,1
168,16,2
169,16,1
178,16,1
179,16,2
187,16,4
196,16,2
197,16,5
208,16,4
210,16,2
220,16,4
231,16,4
244,16,2
246,16,2
258,16,4
270,16,3
271,16,2
273,16,1
292,16,1
305,16,1
318,16,6
3,18,1
4,18,3
15,18,4
16,18,3
27,18,2
28,18,6
30,18,2
41,18,2
42,18,3
54,18,5
66,18,1
75,18,4
76,18,2
78,18,2
89,18,6
90,18,1
92,18,2
101,18,2
112,18,2
115,18,1
126,18,5
135,18,4
136,18,1
138,18,2
148,18,5
151,18,2
168,18,3
181,18,2
186,18,3
187,18,3
189,18,1
197,18,1
207,18,1
208,18,1
210,18,1
219,18,3
230,18,2
233,18,2
243,18,4
246,18,2
257,18,7
270,18,5
281,18,7
284,18,1
292,18,2
295,18,2
305,18,1
317,18,4
318,18,1
3,511,2
4,511,15
6,511,2
16,511,7
18,511,5
19,511,4
28,511,5
30,511,3
41,511,2
42,511,15
44,511,1
45,511,3
54,511,3
57,511,4
66,511,2
75,511,8
76,511,4
78,511,2
79,511,5
89,511,2
90,511,3
92,511,1
93,511,1
102,511,6
105,511,1
112,511,2
115,511,1
126,511,7
127,511,3
130,511,3
135,511,1
136,511,10
138,511,7
149,511,6
151,511,1
152,511,6
165,511,2
166,511,6
169,511,3
179,511,7
181,511,3
182,511,2
186,511,2
187,511,1
189,511,3
190,511,1
196,511,2
197,511,2
200,511,1
207,511,4
208,511,4
210,511,4
220,511,8
222,511,1
223,511,3
230,511,2
231,511,5
233,511,5
234,511,4
243,511,2
244,511,3
246,511,3
257,511,2
258,511,4
270,511,4
271,511,3
281,511,2
284,511,4
285,511,1
292,511,4
295,511,2
305,511,2
309,511,2
317,511,2
318,511,4
3,1919,9
15,1919,6
27,1919,7
41,1919,6
75,1919,10
89,1919,5
112,1919,4
126,1919,3
135,1919,10
148,1919,5
165,1919,9
178,1919,10
186,1919,4
196,1919,5
207,1919,4
219,1919,2
230,1919,7
243,1919,2
257,1919,4
270,1919,7
281,1919,9
292,1919,10
305,1919,11
317,1919,12
3,23,2
4,23,29
15,23,5
16,23,23
20,23,1
27,23,2
28,23,22
41,23,3
42,23,14
54,23,24
75,23,1
76,23,31
90,23,20
94,23,2
101,23,6
102,23,24
126,23,4
127,23,29
136,23,21
148,23,4
149,23,37
165,23,4
166,23,33
170,23,1
178,23,3
179,23,30
187,23,32
196,23,5
197,23,20
207,23,7
208,23,24
219,23,12
220,23,27
230,23,2
231,23,31
243,23,6
244,23,27
257,23,3
258,23,32
270,23,3
271,23,27
281,23,12
292,23,4
305,23,13
317,23,7
318,23,21
3,1920,2
15,1920,2
41,1920,5
101,1920,3
112,1920,5
126,1920,2
165,1920,1
178,1920,2
179,1920,1
186,1920,1
196,1920,2
207,1920,1
219,1920,2
230,1920,2
243,1920,6
257,1920,5
270,1920,2
281,1920,1
292,1920,3
305,1920,1
317,1920,4
318,1920,2
3,976,8
15,976,5
27,976,4
41,976,1
68,976,4
75,976,1
89,976,5
101,976,1
112,976,1
135,976,1
140,976,4
148,976,1
153,976,4
165,976,4
170,976,4
178,976,1
179,976,1
186,976,2
196,976,1
207,976,7
219,976,3
243,976,1
248,976,3
257,976,1
262,976,5
281,976,8
292,976,5
297,976,4
305,976,1
3,1282,1
15,1282,1
20,1282,4
32,1282,4
41,1282,3
46,1282,3
58,1282,6
66,1282,3
68,1282,4
75,1282,2
80,1282,4
89,1282,1
94,1282,7
101,1282,2
106,1282,1
112,1282,7
117,1282,4
131,1282,5
135,1282,9
140,1282,6
148,1282,2
151,1282,2
153,1282,9
165,1282,8
178,1282,1
186,1282,1
196,1282,6
207,1282,6
210,1282,2
219,1282,2
230,1282,4
243,1282,1
248,1282,6
257,1282,6
270,1282,5
275,1282,10
281,1282,2
292,1282,7
297,1282,7
310,1282,2
317,1282,3
322,1282,7
3,1493,3
27,1493,6
41,1493,3
75,1493,1
89,1493,6
101,1493,5
112,1493,3
126,1493,8
148,1493,8
165,1493,3
178,1493,3
196,1493,5
207,1493,5
219,1493,3
230,1493,1
257,1493,4
281,1493,1
292,1493,3
305,1493,1
3,193,11
15,193,3
27,193,6
41,193,8
54,193,3
75,193,6
76,193,3
89,193,8
90,193,4
101,193,8
112,193,3
126,193,15
135,193,7
136,193,3
148,193,9
149,193,6
165,193,3
166,193,2
178,193,5
186,193,4
187,193,2
207,193,5
219,193,9
230,193,6
243,193,13
257,193,7
258,193,1
270,193,6
281,193,3
292,193,8
305,193,7
317,193,18
3,194,3
16,194,1
27,194,2
28,194,1
75,194,2
101,194,5
112,194,3
126,194,3
186,194,5
196,194,3
197,194,3
207,194,6
220,194,1
257,194,5
270,194,3
271,194,1
281,194,3
305,194,2
317,194,6
318,194,2
3,1921,2
15,1921,3
27,1921,2
30,1921,2
41,1921,1
75,1921,2
92,1921,2
101,1921,2
112,1921,7
129,1921,3
148,1921,2
165,1921,2
178,1921,4
196,1921,4
243,1921,4
270,1921,2
273,1921,1
281,1921,3
292,1921,3
317,1921,2
3,1381,3
8,1381,3
16,1381,3
20,1381,3
28,1381,6
32,1381,3
41,1381,2
42,1381,6
46,1381,1
54,1381,11
75,1381,2
89,1381,6
90,1381,10
94,1381,3
102,1381,3
106,1381,3
126,1381,2
127,1381,6
131,1381,9
135,1381,5
136,1381,3
140,1381,3
149,1381,3
153,1381,6
166,1381,1
179,1381,3
187,1381,3
197,1381,3
207,1381,1
208,1381,2
220,1381,8
244,1381,3
257,1381,3
270,1381,2
271,1381,7
281,1381,3
286,1381,3
292,1381,4
297,1381,2
318,1381,10
3,197,8
4,197,3
8,197,2
15,197,11
16,197,3
20,197,8
27,197,6
28,197,4
32,197,5
41,197,3
42,197,10
46,197,4
54,197,9
68,197,1
75,197,10
76,197,2
80,197,8
89,197,5
90,197,8
94,197,5
101,197,9
102,197,4
106,197,4
112,197,7
117,197,3
126,197,10
127,197,7
131,197,13
135,197,13
136,197,3
140,197,2
148,197,11
149,197,5
153,197,6
165,197,6
170,197,4
178,197,7
179,197,10
186,197,6
187,197,5
196,197,2
197,197,7
207,197,2
208,197,3
219,197,14
220,197,7
230,197,6
231,197,4
235,197,2
243,197,4
244,197,10
248,197,4
257,197,3
258,197,2
262,197,4
270,197,1
271,197,11
281,197,10
286,197,2
292,197,2
297,197,1
305,197,7
317,197,4
318,197,13
322,197,3
3,36,4
4,36,2
15,36,2
16,36,4
27,36,2
28,36,4
41,36,6
42,36,3
46,36,1
54,36,2
75,36,3
76,36,1
89,36,4
90,36,3
102,36,2
106,36,2
112,36,1
117,36,1
126,36,4
127,36,7
135,36,2
136,36,8
148,36,4
149,36,1
153,36,2
165,36,8
166,36,4
178,36,5
179,36,10
183,36,1
186,36,1
187,36,3
191,36,2
196,36,2
197,36,3
201,36,1
207,36,6
208,36,4
212,36,1
219,36,3
220,36,5
230,36,4
231,36,10
235,36,1
244,36,2
257,36,3
270,36,1
271,36,7
286,36,1
292,36,1
305,36,3
317,36,8
318,36,2
3,1467,1
17,1467,3
27,1467,3
28,1467,1
75,1467,1
91,1467,1
112,1467,2
128,1467,2
148,1467,2
150,1467,1
165,1467,2
178,1467,4
180,1467,1
207,1467,1
209,1467,3
232,1467,2
245,1467,2
257,1467,1
271,1467,1
272,1467,1
281,1467,1
292,1467,1
305,1467,1
307,1467,1
3,594,1
41,594,1
42,594,1
54,594,1
75,594,2
101,594,4
112,594,1
126,594,2
135,594,2
148,594,4
149,594,1
178,594,1
186,594,3
196,594,2
207,594,1
243,594,1
244,594,2
281,594,1
292,594,1
317,594,2
318,594,1
3,39,6
4,39,30
15,39,5
16,39,23
28,39,19
41,39,3
42,39,33
54,39,19
75,39,14
76,39,23
89,39,2
90,39,15
94,39,2
101,39,4
102,39,18
112,39,8
126,39,18
127,39,14
135,39,1
136,39,21
148,39,2
149,39,12
165,39,3
166,39,12
179,39,12
186,39,6
187,39,22
196,39,3
197,39,25
207,39,3
208,39,15
219,39,4
220,39,23
230,39,5
231,39,24
243,39,14
244,39,18
248,39,2
257,39,4
258,39,25
270,39,7
271,39,11
281,39,7
292,39,13
305,39,4
317,39,7
318,39,25
3,1626,2
4,1626,17
15,1626,2
16,1626,21
20,1626,1
27,1626,2
28,1626,16
42,1626,14
54,1626,15
76,1626,21
90,1626,26
101,1626,1
102,1626,19
127,1626,31
136,1626,25
149,1626,19
165,1626,2
166,1626,24
179,1626,27
187,1626,18
196,1626,2
197,1626,21
208,1626,22
220,1626,19
231,1626,22
244,1626,16
257,1626,2
258,1626,18
270,1626,2
271,1626,25
281,1626,2
318,1626,16
3,1922,11
15,1922,7
27,1922,18
41,1922,6
43,1922,1
75,1922,8
77,1922,1
89,1922,10
101,1922,10
103,1922,1
112,1922,4
126,1922,8
135,1922,14
148,1922,7
165,1922,16
167,1922,2
178,1922,3
186,1922,4
196,1922,5
207,1922,3
219,1922,8
230,1922,8
243,1922,9
257,1922,12
270,1922,8
281,1922,13
292,1922,7
305,1922,10
317,1922,8
3,46,1
4,46,5
6,46,2
15,46,1
16,46,9
18,46,8
20,46,4
27,46,4
28,46,13
30,46,6
41,46,4
42,46,3
44,46,8
54,46,7
58,46,2
68,46,1
75,46,6
76,46,5
78,46,11
80,46,4
89,46,4
90,46,2
94,46,1
102,46,5
104,46,5
106,46,4
112,46,1
115,46,4
117,46,2
126,46,3
127,46,3
129,46,17
131,46,2
135,46,3
136,46,1
138,46,10
148,46,5
149,46,2
151,46,3
153,46,3
165,46,2
166,46,2
168,46,6
178,46,4
179,46,5
181,46,2
183,46,2
186,46,4
187,46,2
196,46,2
197,46,5
199,46,2
201,46,2
207,46,2
208,46,4
210,46,7
212,46,2
219,46,2
220,46,6
222,46,5
230,46,4
231,46,10
233,46,2
235,46,2
243,46,5
244,46,6
248,46,1
257,46,7
258,46,5
262,46,4
270,46,2
271,46,7
273,46,14
281,46,1
284,46,4
286,46,1
295,46,2
297,46,2
305,46,3
317,46,12
3,1923,2
101,1923,6
112,1923,3
126,1923,3
186,1923,5
196,1923,3
207,1923,5
257,1923,5
270,1923,3
281,1923,4
305,1923,2
317,1923,4
3,1924,1
3,944,2
4,944,12
15,944,2
16,944,14
20,944,2
27,944,3
28,944,13
41,944,3
42,944,12
46,944,1
54,944,11
58,944,3
68,944,2
75,944,4
76,944,9
80,944,2
89,944,1
90,944,9
94,944,6
101,944,1
102,944,6
106,944,1
112,944,8
117,944,1
126,944,5
127,944,7
131,944,2
135,944,5
136,944,14
140,944,3
148,944,6
149,944,7
153,944,2
165,944,7
166,944,8
170,944,2
178,944,6
179,944,12
186,944,2
187,944,6
196,944,1
197,944,12
207,944,1
208,944,10
219,944,5
220,944,6
230,944,7
231,944,8
235,944,1
243,944,4
244,944,6
248,944,2
257,944,3
258,944,7
262,944,1
271,944,15
281,944,4
292,944,4
297,944,1
305,944,2
317,944,2
318,944,9
322,944,1
3,49,22
4,49,3
8,49,2
15,49,16
16,49,1
20,49,1
27,49,19
32,49,1
41,49,17
42,49,2
46,49,5
75,49,29
76,49,1
89,49,19
90,49,6
94,49,4
101,49,25
102,49,1
106,49,6
112,49,26
117,49,2
126,49,22
127,49,8
131,49,8
135,49,28
136,49,3
140,49,2
148,49,23
149,49,9
153,49,5
165,49,12
166,49,6
170,49,2
178,49,21
179,49,9
186,49,9
187,49,7
191,49,1
196,49,13
197,49,3
201,49,1
207,49,22
208,49,9
219,49,13
220,49,1
230,49,9
231,49,4
243,49,9
244,49,8
248,49,1
257,49,25
258,49,2
270,49,6
271,49,4
281,49,12
286,49,3
292,49,10
305,49,15
310,49,1
317,49,12
318,49,6
322,49,3
3,1284,15
4,1284,25
15,1284,16
16,1284,29
20,1284,2
27,1284,9
28,1284,23
32,1284,3
41,1284,18
42,1284,30
54,1284,22
58,1284,4
75,1284,20
76,1284,19
80,1284,2
89,1284,14
90,1284,14
94,1284,7
102,1284,18
106,1284,6
112,1284,13
117,1284,2
126,1284,20
127,1284,11
135,1284,12
136,1284,14
148,1284,3
149,1284,18
165,1284,19
166,1284,11
170,1284,4
178,1284,8
179,1284,15
186,1284,10
187,1284,15
196,1284,9
197,1284,19
201,1284,3
207,1284,12
208,1284,16
219,1284,7
220,1284,22
230,1284,15
231,1284,27
243,1284,26
244,1284,17
248,1284,2
257,1284,11
258,1284,23
262,1284,1
270,1284,14
271,1284,17
281,1284,9
292,1284,25
305,1284,12
317,1284,21
318,1284,24
322,1284,1
3,1925,4
4,1925,3
27,1925,4
28,1925,5
42,1925,3
54,1925,8
76,1925,2
89,1925,1
90,1925,4
127,1925,2
135,1925,1
149,1925,1
166,1925,1
179,1925,2
187,1925,4
196,1925,3
197,1925,4
208,1925,1
243,1925,2
244,1925,1
258,1925,2
271,1925,2
318,1925,8
3,52,1
15,52,4
20,52,3
27,52,2
68,52,1
75,52,6
80,52,4
89,52,3
101,52,16
112,52,4
126,52,12
131,52,3
135,52,12
140,52,2
148,52,17
153,52,4
165,52,4
178,52,1
186,52,8
196,52,5
207,52,3
219,52,4
230,52,2
243,52,5
257,52,4
270,52,2
281,52,6
292,52,7
297,52,3
305,52,2
3,1220,4
4,1220,1
6,1220,4
8,1220,1
15,1220,3
16,1220,2
18,1220,4
20,1220,3
27,1220,7
28,1220,2
30,1220,3
32,1220,3
41,1220,6
42,1220,1
46,1220,5
58,1220,1
66,1220,1
68,1220,2
75,1220,4
78,1220,1
80,1220,9
89,1220,5
92,1220,2
94,1220,12
101,1220,4
102,1220,2
104,1220,1
106,1220,4
112,1220,5
117,1220,1
126,1220,5
127,1220,1
129,1220,3
131,1220,12
135,1220,2
138,1220,1
140,1220,4
148,1220,6
153,1220,9
165,1220,4
168,1220,4
178,1220,3
179,1220,1
183,1220,1
186,1220,1
187,1220,2
189,1220,2
196,1220,4
197,1220,2
201,1220,1
207,1220,6
208,1220,1
212,1220,1
219,1220,3
220,1220,3
222,1220,2
230,1220,3
231,1220,1
233,1220,2
235,1220,3
243,1220,1
244,1220,1
248,1220,5
257,1220,4
258,1220,2
262,1220,5
270,1220,2
271,1220,1
273,1220,1
275,1220,5
281,1220,1
284,1220,2
286,1220,2
292,1220,4
297,1220,2
305,1220,2
310,1220,2
318,1220,1
322,1220,3
3,215,3
4,215,6
15,215,1
16,215,10
18,215,2
19,215,4
27,215,1
28,215,9
30,215,1
42,215,5
44,215,3
45,215,3
54,215,3
75,215,1
76,215,3
78,215,1
90,215,5
102,215,5
105,215,3
112,215,1
115,215,1
127,215,2
129,215,3
135,215,2
136,215,1
138,215,1
148,215,1
149,215,4
165,215,1
166,215,2
168,215,1
169,215,2
178,215,2
179,215,4
181,215,1
187,215,5
196,215,1
197,215,3
199,215,1
200,215,1
208,215,7
210,215,2
219,215,2
220,215,8
222,215,2
223,215,1
230,215,2
231,215,9
233,215,1
243,215,2
244,215,5
247,215,1
258,215,6
270,215,1
271,215,4
273,215,2
274,215,1
284,215,2
292,215,1
295,215,3
305,215,1
309,215,1
317,215,1
321,215,1
3,1194,2
15,1194,1
41,1194,2
46,1194,1
126,1194,1
131,1194,2
135,1194,2
140,1194,3
148,1194,6
153,1194,2
178,1194,3
186,1194,2
219,1194,1
230,1194,1
257,1194,1
270,1194,1
292,1194,1
297,1194,2
317,1194,3
322,1194,2
3,1926,17
5,1926,11
15,1926,13
17,1926,30
27,1926,17
29,1926,9
41,1926,10
43,1926,24
65,1926,12
75,1926,17
77,1926,7
89,1926,16
91,1926,15
101,1926,9
103,1926,32
112,1926,11
114,1926,19
126,1926,17
128,1926,33
135,1926,15
137,1926,28
148,1926,17
150,1926,27
165,1926,16
167,1926,3
178,1926,13
180,1926,9
186,1926,11
188,1926,4
196,1926,6
198,1926,4
207,1926,14
209,1926,15
219,1926,12
221,1926,7
230,1926,10
232,1926,28
243,1926,3
245,1926,4
257,1926,12
259,1926,11
270,1926,5
272,1926,12
281,1926,11
283,1926,22
292,1926,14
294,1926,16
305,1926,15
307,1926,37
317,1926,14
319,1926,8
3,1927,2
41,1927,3
75,1927,6
112,1927,2
126,1927,8
127,1927,2
165,1927,2
186,1927,2
187,1927,2
196,1927,2
197,1927,1
207,1927,2
230,1927,2
243,1927,4
257,1927,2
270,1927,3
281,1927,2
292,1927,4
305,1927,2
317,1927,2
3,67,1
46,67,1
58,67,2
80,67,3
94,67,1
106,67,1
117,67,1
131,67,3
153,67,2
165,67,2
170,67,1
178,67,1
183,67,1
201,67,1
212,67,1
243,67,2
262,67,2
281,67,1
297,67,1
3,1196,1
15,1196,1
16,1196,2
18,1196,1
28,1196,2
54,1196,2
66,1196,1
75,1196,1
76,1196,1
78,1196,1
89,1196,3
90,1196,1
101,1196,1
112,1196,2
129,1196,1
136,1196,4
165,1196,1
168,1196,1
207,1196,2
208,1196,2
220,1196,2
233,1196,1
243,1196,3
244,1196,1
258,1196,2
273,1196,2
281,1196,1
292,1196,1
295,1196,1
3,68,2
15,68,2
27,68,2
41,68,1
75,68,1
89,68,3
126,68,1
135,68,1
148,68,1
178,68,1
186,68,1
3,1017,12
4,1017,12
15,1017,4
16,1017,3
18,1017,4
20,1017,4
27,1017,14
28,1017,3
41,1017,7
42,1017,12
54,1017,13
58,1017,4
66,1017,4
68,1017,7
75,1017,12
76,1017,25
78,1017,4
80,1017,8
89,1017,7
90,1017,20
92,1017,4
94,1017,9
101,1017,39
102,1017,13
106,1017,11
112,1017,21
115,1017,3
117,1017,7
126,1017,16
127,1017,20
131,1017,12
135,1017,16
136,1017,9
138,1017,6
140,1017,8
148,1017,25
149,1017,9
151,1017,4
153,1017,19
165,1017,6
166,1017,21
168,1017,3
170,1017,16
178,1017,7
179,1017,9
181,1017,4
186,1017,18
187,1017,16
196,1017,21
197,1017,19
199,1017,4
201,1017,4
207,1017,18
208,1017,14
219,1017,26
220,1017,12
222,1017,3
230,1017,11
231,1017,10
233,1017,4
235,1017,4
243,1017,15
244,1017,15
246,1017,3
257,1017,18
258,1017,14
262,1017,12
270,1017,16
271,1017,12
273,1017,7
275,1017,4
281,1017,16
292,1017,7
297,1017,8
305,1017,17
317,1017,16
318,1017,19
322,1017,12
3,233,7
4,233,15
16,233,10
20,233,1
27,233,2
28,233,6
41,233,6
42,233,9
54,233,3
75,233,11
76,233,17
89,233,4
90,233,10
101,233,13
102,233,10
112,233,7
126,233,15
127,233,10
135,233,18
136,233,22
148,233,10
149,233,10
165,233,9
166,233,8
178,233,4
179,233,17
186,233,8
187,233,12
196,233,8
197,233,12
207,233,6
208,233,8
219,233,6
220,233,9
230,233,6
231,233,17
243,233,12
244,233,5
257,233,17
258,233,2
270,233,17
271,233,6
281,233,8
292,233,11
305,233,7
317,233,8
318,233,5
3,769,1
17,769,2
29,769,2
65,769,1
77,769,2
91,769,3
103,769,2
150,769,5
167,769,2
179,769,1
180,769,2
188,769,2
221,769,2
232,769,2
245,769,4
259,769,3
272,769,2
283,769,2
307,769,2
3,1928,4
27,1928,10
41,1928,6
75,1928,6
89,1928,9
101,1928,11
112,1928,10
126,1928,10
135,1928,1
148,1928,10
165,1928,6
178,1928,4
196,1928,6
207,1928,6
219,1928,6
230,1928,6
243,1928,5
257,1928,12
270,1928,2
281,1928,6
292,1928,4
305,1928,8
317,1928,2
3,78,4
102,78,2
115,78,1
186,78,1
196,78,4
3,94,2
4,94,16
6,94,11
15,94,2
16,94,19
18,94,16
28,94,14
30,94,7
41,94,4
42,94,21
44,94,18
54,94,10
66,94,16
75,94,6
76,94,5
78,94,10
90,94,9
92,94,10
102,94,10
104,94,9
112,94,2
115,94,6
126,94,8
127,94,8
129,94,12
136,94,19
138,94,13
149,94,6
151,94,14
165,94,4
166,94,8
168,94,4
178,94,1
179,94,13
181,94,8
186,94,1
187,94,17
189,94,11
196,94,2
197,94,19
199,94,13
207,94,2
208,94,7
210,94,11
220,94,10
222,94,10
230,94,2
231,94,19
233,94,16
243,94,2
244,94,13
246,94,5
257,94,2
258,94,8
270,94,5
271,94,5
273,94,19
281,94,1
284,94,9
292,94,5
295,94,16
305,94,3
317,94,2
318,94,18
3,1117,1
6,1117,1
15,1117,1
27,1117,1
41,1117,3
42,1117,1
44,1117,4
66,1117,6
75,1117,4
78,1117,1
89,1117,2
92,1117,3
101,1117,2
104,1117,2
112,1117,2
115,1117,1
129,1117,1
148,1117,1
151,1117,1
165,1117,3
166,1117,1
178,1117,1
181,1117,1
189,1117,1
196,1117,2
199,1117,2
207,1117,1
208,1117,1
222,1117,2
230,1117,1
233,1117,1
257,1117,4
273,1117,3
295,1117,1
305,1117,2
317,1117,2
3,674,1
5,674,2
15,674,3
16,674,1
17,674,4
20,674,1
27,674,4
29,674,2
41,674,2
43,674,2
58,674,2
65,674,7
75,674,3
77,674,6
80,674,1
89,674,2
91,674,8
94,674,1
102,674,1
103,674,5
112,674,1
114,674,3
126,674,1
127,674,1
128,674,4
135,674,1
136,674,1
137,674,4
148,674,1
149,674,2
150,674,2
166,674,1
167,674,3
178,674,3
179,674,2
180,674,1
187,674,2
188,674,2
198,674,8
207,674,1
209,674,6
219,674,2
220,674,1
221,674,7
230,674,1
231,674,2
232,674,6
243,674,2
245,674,4
257,674,2
259,674,2
270,674,2
272,674,7
281,674,1
283,674,5
286,674,1
292,674,1
294,674,2
305,674,6
307,674,3
317,674,2
318,674,2
3,959,6
20,959,10
27,959,17
32,959,4
41,959,14
58,959,3
68,959,6
75,959,8
80,959,8
89,959,9
94,959,11
101,959,11
106,959,3
112,959,10
117,959,2
126,959,13
131,959,5
135,959,12
140,959,6
148,959,12
153,959,8
165,959,18
170,959,3
178,959,7
186,959,5
196,959,9
201,959,2
207,959,13
219,959,11
230,959,7
235,959,6
243,959,3
248,959,1
257,959,15
262,959,2
270,959,10
275,959,7
281,959,13
292,959,6
297,959,4
305,959,11
310,959,1
317,959,18
322,959,9
3,96,5
16,96,1
27,96,2
75,96,2
89,96,3
101,96,9
106,96,2
112,96,6
126,96,1
135,96,4
148,96,4
165,96,1
178,96,2
186,96,1
196,96,2
230,96,3
243,96,3
292,96,2
305,96,3
317,96,3
3,1130,1
27,1130,1
219,1130,1
230,1130,1
292,1130,1
3,100,2
15,100,6
27,100,3
75,100,3
89,100,1
126,100,1
135,100,2
148,100,1
165,100,1
178,100,3
186,100,1
219,100,1
230,100,1
257,100,1
281,100,1
292,100,1
305,100,4
317,100,1
3,1929,1
3,102,1
4,102,1
8,102,1
15,102,1
16,102,5
18,102,1
19,102,2
20,102,5
27,102,1
28,102,7
30,102,3
32,102,1
42,102,3
44,102,1
45,102,2
46,102,4
54,102,5
58,102,3
68,102,3
75,102,3
79,102,1
80,102,4
89,102,1
90,102,4
94,102,7
101,102,1
102,102,8
106,102,6
112,102,2
115,102,1
117,102,3
127,102,5
129,102,1
131,102,9
135,102,3
136,102,2
138,102,1
140,102,4
148,102,2
149,102,5
153,102,8
165,102,3
166,102,3
170,102,3
178,102,1
179,102,6
183,102,1
186,102,1
187,102,8
191,102,2
197,102,3
201,102,1
207,102,1
208,102,6
212,102,1
219,102,2
220,102,6
230,102,6
231,102,5
235,102,3
243,102,3
244,102,6
246,102,1
248,102,4
257,102,3
258,102,6
262,102,4
271,102,2
273,102,1
275,102,6
281,102,2
284,102,1
286,102,1
292,102,2
297,102,5
305,102,1
310,102,2
317,102,2
318,102,5
322,102,4
3,1930,2
15,1930,2
27,1930,2
41,1930,4
75,1930,3
89,1930,3
101,1930,1
112,1930,2
126,1930,5
135,1930,4
148,1930,4
165,1930,1
178,1930,3
186,1930,3
207,1930,3
219,1930,2
230,1930,5
257,1930,2
270,1930,1
281,1930,1
292,1930,1
305,1930,1
317,1930,8
3,989,2
27,989,2
41,989,2
75,989,4
89,989,9
101,989,2
112,989,6
126,989,6
148,989,4
165,989,2
178,989,2
196,989,4
207,989,4
219,989,3
230,989,2
243,989,2
257,989,7
281,989,2
292,989,4
305,989,4
3,1931,1
3,963,1
77,963,3
149,963,1
150,963,4
187,963,1
198,963,4
208,963,2
220,963,2
221,963,4
232,963,4
3,1286,8
5,1286,18
17,1286,17
27,1286,18
29,1286,18
41,1286,6
43,1286,24
65,1286,31
75,1286,14
77,1286,22
89,1286,19
91,1286,18
94,1286,2
101,1286,13
103,1286,28
112,1286,17
114,1286,14
126,1286,13
128,1286,16
135,1286,5
137,1286,17
148,1286,13
150,1286,22
165,1286,12
167,1286,15
178,1286,3
180,1286,8
186,1286,3
191,1286,2
196,1286,10
198,1286,9
207,1286,11
209,1286,17
219,1286,8
221,1286,8
230,1286,9
232,1286,20
235,1286,4
243,1286,8
245,1286,13
248,1286,2
257,1286,17
259,1286,8
270,1286,9
272,1286,11
281,1286,4
283,1286,15
292,1286,10
294,1286,7
305,1286,12
307,1286,14
310,1286,1
317,1286,2
319,1286,7
3,1432,3
27,1432,2
41,1432,3
75,1432,7
101,1432,9
112,1432,2
131,1432,1
148,1432,4
165,1432,5
178,1432,3
186,1432,3
196,1432,3
207,1432,6
219,1432,15
230,1432,2
243,1432,5
257,1432,5
270,1432,5
281,1432,11
292,1432,3
305,1432,13
317,1432,6
3,1391,1
5,1391,4
17,1391,12
27,1391,6
29,1391,26
41,1391,2
43,1391,17
65,1391,18
75,1391,2
77,1391,10
89,1391,3
91,1391,10
101,1391,1
103,1391,16
112,1391,5
114,1391,8
126,1391,3
128,1391,5
135,1391,2
137,1391,15
148,1391,2
150,1391,15
165,1391,4
167,1391,12
178,1391,1
180,1391,10
186,1391,2
188,1391,8
196,1391,2
198,1391,5
207,1391,3
209,1391,6
219,1391,3
221,1391,15
230,1391,8
232,1391,21
243,1391,7
245,1391,12
257,1391,4
259,1391,8
272,1391,6
283,1391,12
292,1391,3
294,1391,13
305,1391,2
307,1391,3
319,1391,10
3,1932,1
94,1932,1
243,1932,1
305,1932,1
3,1933,2
15,1933,5
27,1933,2
112,1933,3
135,1933,1
219,1933,4
230,1933,2
243,1933,2
248,1933,1
257,1933,2
270,1933,2
281,1933,2
317,1933,2
3,121,1
15,121,2
27,121,3
41,121,1
75,121,2
89,121,1
101,121,1
112,121,3
126,121,1
135,121,4
148,121,3
165,121,2
178,121,5
186,121,1
196,121,1
207,121,1
219,121,1
230,121,2
243,121,2
244,121,1
292,121,2
305,121,1
318,121,1
3,257,1
4,257,3
7,257,3
19,257,1
27,257,2
28,257,1
30,257,2
41,257,2
42,257,1
46,257,1
54,257,1
57,257,2
67,257,1
75,257,2
76,257,7
78,257,1
90,257,1
93,257,3
101,257,11
102,257,4
104,257,1
105,257,1
116,257,2
117,257,1
126,257,4
127,257,5
129,257,2
135,257,4
136,257,2
138,257,1
139,257,2
148,257,4
149,257,3
151,257,1
152,257,1
165,257,2
166,257,3
168,257,1
178,257,8
179,257,1
182,257,1
187,257,1
197,257,1
200,257,1
207,257,3
220,257,4
223,257,1
230,257,2
231,257,1
234,257,4
243,257,4
244,257,3
257,257,4
258,257,3
270,257,4
271,257,3
273,257,3
274,257,1
281,257,3
285,257,4
292,257,3
295,257,1
296,257,3
305,257,2
309,257,3
317,257,6
318,257,5
321,257,2
322,257,3
3,625,8
27,625,4
230,625,4
243,625,12
281,625,1
292,625,1
305,625,8
317,625,7
3,1888,4
27,1888,4
41,1888,2
196,1888,2
281,1888,1
292,1888,1
3,129,6
15,129,7
27,129,7
41,129,2
43,129,3
46,129,1
68,129,2
75,129,6
77,129,3
80,129,1
89,129,5
101,129,3
106,129,1
112,129,4
117,129,1
126,129,3
128,129,2
148,129,3
165,129,11
178,129,1
186,129,1
196,129,2
207,129,1
219,129,4
230,129,1
243,129,6
257,129,3
270,129,2
281,129,1
292,129,7
297,129,3
305,129,1
317,129,4
322,129,1
3,130,1
16,130,6
19,130,4
20,130,2
28,130,4
45,130,4
54,130,5
58,130,1
66,130,3
68,130,2
75,130,2
80,130,2
90,130,3
94,130,3
102,130,3
106,130,1
127,130,2
131,130,2
135,130,1
136,130,1
149,130,1
153,130,2
165,130,2
166,130,2
179,130,2
183,130,1
186,130,1
187,130,3
190,130,3
191,130,1
196,130,1
201,130,1
208,130,3
210,130,3
212,130,1
219,130,2
220,130,2
231,130,4
235,130,2
243,130,1
244,130,3
248,130,2
258,130,2
262,130,1
271,130,1
273,130,5
275,130,1
292,130,1
297,130,2
310,130,1
322,130,1
3,1934,1
219,1934,1
3,695,19
15,695,16
27,695,25
28,695,2
41,695,20
68,695,4
75,695,12
80,695,3
89,695,24
101,695,10
112,695,17
126,695,17
131,695,4
135,695,13
148,695,15
153,695,2
165,695,24
178,695,18
186,695,12
196,695,24
207,695,18
219,695,15
230,695,25
243,695,16
257,695,21
262,695,4
270,695,11
281,695,18
292,695,28
297,695,3
305,695,13
310,695,2
317,695,11
318,695,1
3,140,2
15,140,3
101,140,1
126,140,2
135,140,1
178,140,1
230,140,1
246,140,1
292,140,1
305,140,2
3,141,4
15,141,3
20,141,3
41,141,11
46,141,2
58,141,7
75,141,4
80,141,3
94,141,11
101,141,3
112,141,10
117,141,2
126,141,4
131,141,3
135,141,18
140,141,5
148,141,10
153,141,4
165,141,10
170,141,3
178,141,8
196,141,8
207,141,4
219,141,4
243,141,8
248,141,2
257,141,9
270,141,10
275,141,4
281,141,3
292,141,10
297,141,2
310,141,1
317,141,7
322,141,6
3,142,1
89,142,1
207,142,2
243,142,1
281,142,1
292,142,1
3,277,1
4,277,1
16,277,3
19,277,5
28,277,2
31,277,3
42,277,5
45,277,4
57,277,5
67,277,2
75,277,1
79,277,2
93,277,2
102,277,6
105,277,9
116,277,6
130,277,1
136,277,6
139,277,6
149,277,3
152,277,10
166,277,1
169,277,2
179,277,2
182,277,4
187,277,2
197,277,6
200,277,4
220,277,1
223,277,3
231,277,5
244,277,4
247,277,2
258,277,8
274,277,3
285,277,3
296,277,3
309,277,5
318,277,2
321,277,3
3,152,2
15,152,2
41,152,1
54,152,1
75,152,1
89,152,4
112,152,2
126,152,1
148,152,2
165,152,1
178,152,1
186,152,2
207,152,2
219,152,4
230,152,2
243,152,1
281,152,2
292,152,1
305,152,2
310,152,1
3,1935,1
243,1935,1
322,1935,1
3,160,1
3,162,1
243,162,1
3,1135,5
4,1135,10
15,1135,9
16,1135,4
27,1135,5
28,1135,2
41,1135,4
42,1135,7
54,1135,2
75,1135,5
76,1135,10
89,1135,9
90,1135,10
102,1135,5
112,1135,1
127,1135,5
135,1135,6
148,1135,1
149,1135,7
165,1135,8
178,1135,4
186,1135,6
187,1135,4
196,1135,2
197,1135,4
207,1135,6
208,1135,4
219,1135,5
230,1135,5
243,1135,2
244,1135,9
258,1135,4
270,1135,3
281,1135,9
292,1135,7
305,1135,4
317,1135,3
318,1135,2
3,1936,1
4,1936,1
27,1936,2
28,1936,1
41,1936,2
42,1936,2
90,1936,5
102,1936,6
127,1936,1
136,1936,1
166,1936,1
179,1936,3
186,1936,1
187,1936,6
197,1936,3
208,1936,1
220,1936,4
230,1936,2
231,1936,3
244,1936,1
258,1936,2
271,1936,3
305,1936,1
318,1936,1
3,169,1
58,169,3
80,169,1
94,169,4
101,169,2
106,169,2
112,169,1
126,169,2
148,169,2
170,169,3
178,169,1
270,169,1
281,169,1
292,169,2
4,1937,5
28,1937,7
42,1937,2
76,1937,2
78,1937,1
90,1937,7
102,1937,7
127,1937,3
149,1937,10
151,1937,1
166,1937,1
179,1937,3
187,1937,4
197,1937,2
208,1937,6
220,1937,4
231,1937,2
244,1937,1
246,1937,1
258,1937,5
271,1937,5
284,1937,1
318,1937,1
4,645,11
16,645,8
27,645,6
28,645,5
41,645,5
42,645,12
54,645,5
75,645,7
76,645,17
89,645,5
90,645,9
101,645,9
102,645,14
112,645,4
126,645,5
127,645,11
135,645,2
136,645,13
148,645,11
149,645,9
165,645,2
166,645,19
178,645,1
179,645,8
186,645,2
187,645,14
196,645,3
197,645,12
207,645,3
208,645,9
219,645,4
220,645,6
230,645,3
231,645,12
243,645,4
244,645,10
257,645,1
258,645,10
270,645,2
271,645,6
292,645,6
305,645,6
317,645,1
318,645,10
4,185,3
16,185,1
28,185,2
42,185,1
54,185,5
76,185,10
90,185,5
102,185,3
127,185,3
136,185,3
149,185,2
166,185,7
179,185,4
187,185,4
197,185,2
208,185,4
220,185,6
231,185,1
244,185,5
257,185,2
258,185,2
318,185,2
4,1938,1
4,1501,3
5,1501,8
16,1501,3
17,1501,18
28,1501,2
29,1501,27
42,1501,3
43,1501,24
54,1501,1
65,1501,12
75,1501,1
76,1501,1
77,1501,10
90,1501,2
103,1501,15
127,1501,4
128,1501,8
136,1501,4
137,1501,14
149,1501,3
150,1501,12
166,1501,2
167,1501,4
179,1501,4
180,1501,3
187,1501,2
188,1501,5
197,1501,3
198,1501,4
208,1501,2
209,1501,4
220,1501,1
221,1501,4
231,1501,4
232,1501,9
244,1501,2
245,1501,5
259,1501,10
271,1501,4
272,1501,8
283,1501,8
294,1501,4
307,1501,6
319,1501,7
4,975,1
90,975,4
166,975,2
208,975,2
230,975,1
243,975,1
258,975,2
292,975,1
4,1939,1
16,1939,2
28,1939,1
90,1939,2
102,1939,3
136,1939,6
166,1939,1
187,1939,5
197,1939,2
220,1939,2
231,1939,2
244,1939,1
258,1939,1
318,1939,2
4,1940,8
16,1940,8
28,1940,6
42,1940,4
54,1940,12
76,1940,10
90,1940,18
102,1940,17
127,1940,19
136,1940,24
149,1940,14
166,1940,26
179,1940,16
187,1940,11
197,1940,14
208,1940,15
220,1940,12
231,1940,4
244,1940,17
258,1940,13
271,1940,24
318,1940,17
4,1941,2
28,1941,2
54,1941,2
90,1941,2
127,1941,2
149,1941,1
244,1941,2
258,1941,2
271,1941,2
318,1941,3
4,1942,8
6,1942,5
16,1942,3
18,1942,6
30,1942,5
42,1942,4
44,1942,5
78,1942,4
92,1942,8
102,1942,5
104,1942,8
115,1942,3
129,1942,9
136,1942,2
138,1942,4
151,1942,5
165,1942,3
166,1942,3
168,1942,2
178,1942,2
179,1942,6
181,1942,3
187,1942,6
189,1942,3
197,1942,4
199,1942,6
208,1942,4
219,1942,2
220,1942,11
222,1942,6
231,1942,6
233,1942,3
244,1942,2
246,1942,15
258,1942,1
271,1942,6
273,1942,9
284,1942,14
295,1942,13
318,1942,2
4,400,1
6,400,3
16,400,2
18,400,6
28,400,2
30,400,3
42,400,1
54,400,2
66,400,7
76,400,2
78,400,3
90,400,2
104,400,1
115,400,2
127,400,5
129,400,4
136,400,2
149,400,5
166,400,5
168,400,7
187,400,4
197,400,4
208,400,3
220,400,4
231,400,2
233,400,3
244,400,3
258,400,2
273,400,16
284,400,1
295,400,8
4,1943,3
28,1943,1
42,1943,1
76,1943,2
90,1943,1
102,1943,1
149,1943,1
165,1943,1
197,1943,1
208,1943,1
4,404,2
7,404,2
19,404,3
31,404,2
42,404,1
54,404,1
67,404,1
76,404,1
152,404,1
169,404,1
182,404,1
197,404,1
273,404,1
274,404,2
292,404,1
4,1662,1
28,1662,2
42,1662,1
76,1662,1
258,1662,2
4,1944,2
42,1944,3
234,1944,2
4,204,1
271,204,2
4,44,2
16,44,2
18,44,2
30,44,2
42,44,2
76,44,1
78,44,2
90,44,2
92,44,2
102,44,2
115,44,2
136,44,3
165,44,2
179,44,1
189,44,2
208,44,2
210,44,2
233,44,2
246,44,2
271,44,4
295,44,2
4,205,8
16,205,4
42,205,4
90,205,1
102,205,6
136,205,8
149,205,1
166,205,2
179,205,1
187,205,2
197,205,3
208,205,3
231,205,2
244,205,3
258,205,3
318,205,1
4,206,8
16,206,7
28,206,9
42,206,3
54,206,8
76,206,4
90,206,1
102,206,6
127,206,4
149,206,3
166,206,2
179,206,4
187,206,2
197,206,1
208,206,4
220,206,3
231,206,9
244,206,6
258,206,8
271,206,3
4,416,1
6,416,3
18,416,3
19,416,3
28,416,1
31,416,1
44,416,1
45,416,3
57,416,3
66,416,2
67,416,5
79,416,4
92,416,3
104,416,5
105,416,10
116,416,7
127,416,1
129,416,1
130,416,2
139,416,8
151,416,4
152,416,2
153,416,1
168,416,2
169,416,5
181,416,1
190,416,3
208,416,2
210,416,6
223,416,4
246,416,2
247,416,3
261,416,1
273,416,1
274,416,1
284,416,1
285,416,4
295,416,1
296,416,4
309,416,3
321,416,2
4,1260,2
4,1201,4
4,420,1
16,420,2
19,420,4
28,420,3
42,420,1
45,420,2
54,420,4
57,420,1
76,420,1
78,420,1
79,420,2
93,420,2
102,420,2
105,420,2
127,420,3
130,420,4
139,420,1
149,420,2
152,420,2
166,420,1
169,420,4
179,420,1
182,420,4
190,420,1
200,420,2
208,420,2
220,420,1
223,420,2
231,420,4
234,420,3
244,420,2
258,420,5
271,420,1
285,420,1
309,420,1
321,420,1
4,1945,4
42,1945,2
54,1945,5
76,1945,9
89,1945,2
90,1945,8
92,1945,5
102,1945,3
104,1945,2
115,1945,1
127,1945,6
136,1945,4
138,1945,2
149,1945,7
151,1945,4
166,1945,6
179,1945,2
181,1945,2
187,1945,4
189,1945,1
197,1945,6
208,1945,4
220,1945,4
231,1945,2
233,1945,2
244,1945,3
246,1945,8
258,1945,1
271,1945,3
273,1945,2
284,1945,2
295,1945,4
318,1945,4
4,1946,1
4,1947,1
18,1947,1
30,1947,1
42,1947,1
102,1947,1
127,1947,1
149,1947,1
166,1947,1
187,1947,1
197,1947,1
208,1947,2
210,1947,1
231,1947,1
244,1947,1
284,1947,1
4,226,5
6,226,1
18,226,2
30,226,2
42,226,1
54,226,4
66,226,2
76,226,11
78,226,3
90,226,1
92,226,10
102,226,5
104,226,6
115,226,2
127,226,6
129,226,6
136,226,1
138,226,4
149,226,7
151,226,5
166,226,5
168,226,4
178,226,2
179,226,4
181,226,4
187,226,5
189,226,3
197,226,2
208,226,6
220,226,3
222,226,2
231,226,3
233,226,2
244,226,2
246,226,10
258,226,2
271,226,5
273,226,7
284,226,4
295,226,4
318,226,5
4,230,7
16,230,6
18,230,1
28,230,7
30,230,2
42,230,5
54,230,8
76,230,22
90,230,7
102,230,1
127,230,8
136,230,2
149,230,4
166,230,4
179,230,5
187,230,3
197,230,5
208,230,7
220,230,4
231,230,3
244,230,2
246,230,1
258,230,5
271,230,1
4,1148,1
16,1148,3
28,1148,2
42,1148,1
76,1148,1
244,1148,2
4,1948,2
5,1948,2
42,1948,4
54,1948,2
92,1948,2
102,1948,3
138,1948,1
151,1948,2
168,1948,2
179,1948,3
187,1948,3
197,1948,6
210,1948,2
220,1948,4
222,1948,2
231,1948,3
244,1948,5
258,1948,4
4,1949,2
28,1949,2
42,1949,1
54,1949,1
76,1949,1
127,1949,1
179,1949,1
231,1949,1
244,1949,1
258,1949,1
4,1950,2
16,1950,1
90,1950,2
127,1950,3
136,1950,4
149,1950,3
166,1950,3
187,1950,2
197,1950,3
220,1950,6
244,1950,2
271,1950,2
318,1950,2
4,900,1
42,900,1
231,900,1
258,900,1
4,247,3
28,247,1
42,247,1
54,247,1
76,247,2
90,247,1
102,247,1
127,247,1
149,247,1
197,247,2
208,247,1
281,247,1
4,1951,5
16,1951,4
28,1951,5
42,1951,3
54,1951,5
76,1951,4
90,1951,1
102,1951,4
127,1951,2
149,1951,3
166,1951,1
179,1951,4
197,1951,1
208,1951,3
220,1951,3
231,1951,6
243,1951,1
244,1951,3
258,1951,4
271,1951,2
295,1951,1
4,1952,2
6,1952,7
15,1952,1
16,1952,2
18,1952,12
28,1952,1
30,1952,5
44,1952,11
54,1952,2
66,1952,16
75,1952,2
76,1952,2
78,1952,4
90,1952,2
92,1952,3
101,1952,1
102,1952,3
104,1952,10
115,1952,4
129,1952,11
149,1952,2
151,1952,4
168,1952,10
181,1952,2
186,1952,1
189,1952,5
196,1952,1
197,1952,2
199,1952,4
208,1952,2
210,1952,10
220,1952,2
222,1952,5
233,1952,6
244,1952,1
258,1952,3
273,1952,18
292,1952,2
295,1952,14
318,1952,2
4,256,2
16,256,4
28,256,2
30,256,1
44,256,2
101,256,1
102,256,3
129,256,1
149,256,2
166,256,1
179,256,2
186,256,1
197,256,1
199,256,1
219,256,1
220,256,2
231,256,4
244,256,1
246,256,1
257,256,1
258,256,1
273,256,3
295,256,4
305,256,1
4,258,8
6,258,2
16,258,2
28,258,3
30,258,2
42,258,7
76,258,2
78,258,2
90,258,4
102,258,4
104,258,2
115,258,2
127,258,5
129,258,4
138,258,2
149,258,3
168,258,2
197,258,3
208,258,4
219,258,2
243,258,2
244,258,2
270,258,2
271,258,2
317,258,1
318,258,2
4,1205,5
16,1205,5
28,1205,6
42,1205,2
54,1205,3
90,1205,1
102,1205,2
127,1205,1
149,1205,2
166,1205,1
179,1205,4
186,1205,1
197,1205,2
208,1205,3
220,1205,3
231,1205,4
244,1205,2
258,1205,5
271,1205,2
305,1205,1
4,265,3
16,265,11
28,265,2
42,265,4
54,265,2
76,265,1
90,265,2
102,265,7
127,265,7
136,265,8
149,265,3
166,265,9
179,265,9
187,265,6
197,265,8
208,265,11
220,265,4
231,265,8
244,265,5
258,265,2
271,265,8
318,265,5
4,269,2
16,269,2
28,269,5
42,269,5
54,269,1
75,269,1
76,269,2
90,269,6
101,269,4
102,269,3
112,269,2
127,269,3
135,269,2
136,269,1
149,269,6
166,269,9
178,269,1
179,269,7
187,269,8
197,269,6
208,269,7
220,269,1
231,269,2
243,269,1
244,269,12
257,269,2
258,269,3
270,269,1
271,269,5
305,269,1
317,269,2
318,269,6
4,270,2
16,270,1
18,270,2
28,270,2
42,270,1
75,270,1
90,270,1
127,270,2
129,270,3
149,270,2
166,270,1
186,270,1
187,270,1
197,270,1
199,270,1
210,270,1
220,270,1
231,270,1
243,270,3
258,270,1
284,270,1
295,270,2
305,270,1
4,1953,2
19,1953,2
28,1953,2
29,1953,2
42,1953,4
43,1953,6
91,1953,2
102,1953,4
105,1953,2
179,1953,2
187,1953,2
190,1953,2
197,1953,4
200,1953,2
208,1953,2
209,1953,5
220,1953,3
221,1953,3
223,1953,2
231,1953,2
234,1953,3
244,1953,2
245,1953,3
247,1953,2
258,1953,2
271,1953,1
272,1953,3
294,1953,6
318,1953,2
4,1466,1
7,1466,2
16,1466,3
19,1466,2
28,1466,2
30,1466,1
31,1466,1
42,1466,3
45,1466,2
54,1466,7
76,1466,2
90,1466,3
93,1466,2
102,1466,1
105,1466,2
127,1466,1
139,1466,2
149,1466,5
152,1466,1
165,1466,4
166,1466,1
179,1466,3
197,1466,6
200,1466,2
208,1466,4
220,1466,3
223,1466,1
231,1466,6
234,1466,2
244,1466,3
258,1466,5
271,1466,3
296,1466,2
309,1466,1
4,1954,6
28,1954,2
42,1954,2
76,1954,4
90,1954,1
102,1954,1
149,1954,2
208,1954,1
258,1954,2
4,151,4
16,151,5
18,151,6
27,151,1
30,151,4
41,151,5
42,151,4
44,151,8
54,151,9
75,151,1
76,151,2
78,151,5
89,151,8
90,151,2
94,151,2
101,151,1
102,151,4
104,151,3
106,151,2
112,151,6
115,151,3
117,151,1
126,151,4
127,151,2
129,151,6
138,151,6
140,151,1
148,151,2
149,151,5
153,151,1
165,151,10
166,151,3
168,151,2
170,151,3
178,151,2
179,151,3
181,151,2
186,151,4
196,151,1
197,151,2
199,151,2
207,151,5
208,151,4
210,151,4
219,151,5
220,151,6
222,151,2
231,151,5
233,151,3
243,151,7
244,151,2
246,151,2
257,151,8
258,151,6
262,151,1
270,151,3
271,151,7
273,151,6
281,151,3
292,151,3
295,151,10
297,151,1
305,151,6
317,151,6
4,1955,3
4,1455,3
6,1455,8
15,1455,1
16,1455,1
18,1455,4
27,1455,1
28,1455,3
30,1455,4
31,1455,3
41,1455,2
42,1455,2
44,1455,1
54,1455,2
66,1455,3
75,1455,4
76,1455,5
78,1455,5
79,1455,4
89,1455,3
90,1455,1
92,1455,10
101,1455,3
102,1455,5
104,1455,3
112,1455,3
115,1455,5
116,1455,2
126,1455,3
127,1455,4
129,1455,5
135,1455,5
136,1455,7
138,1455,2
148,1455,12
149,1455,2
151,1455,8
168,1455,5
178,1455,2
179,1455,5
181,1455,2
186,1455,4
187,1455,2
189,1455,1
196,1455,5
197,1455,2
199,1455,6
207,1455,7
208,1455,4
210,1455,1
219,1455,5
220,1455,3
222,1455,5
223,1455,2
230,1455,4
231,1455,2
233,1455,4
244,1455,1
246,1455,14
257,1455,4
258,1455,2
270,1455,2
271,1455,2
273,1455,4
281,1455,2
284,1455,15
295,1455,13
296,1455,1
305,1455,7
309,1455,2
317,1455,3
318,1455,4
321,1455,6
4,1956,1
15,1956,3
28,1956,2
112,1956,1
127,1956,2
136,1956,2
148,1956,2
149,1956,8
166,1956,2
187,1956,5
197,1956,3
219,1956,2
220,1956,2
243,1956,7
257,1956,2
258,1956,1
270,1956,3
271,1956,3
292,1956,2
305,1956,5
317,1956,2
318,1956,3
5,1957,4
188,1957,4
5,1958,2
17,1958,4
43,1958,2
58,1958,2
65,1958,4
80,1958,1
91,1958,5
128,1958,8
137,1958,4
150,1958,6
167,1958,2
180,1958,4
188,1958,1
191,1958,2
198,1958,2
209,1958,10
232,1958,6
245,1958,3
259,1958,4
271,1958,1
272,1958,4
307,1958,4
319,1958,2
5,1959,2
17,1959,1
245,1959,1
259,1959,1
5,722,2
17,722,5
29,722,3
43,722,1
65,722,1
77,722,1
91,722,3
103,722,2
114,722,1
128,722,5
137,722,3
150,722,1
167,722,1
188,722,1
232,722,3
245,722,6
259,722,2
272,722,3
283,722,3
294,722,4
307,722,5
319,722,2
5,1313,4
5,307,1
5,310,4
17,310,3
43,310,1
77,310,4
91,310,7
103,310,4
114,310,1
128,310,8
137,310,4
180,310,2
188,310,1
209,310,1
221,310,5
232,310,6
245,310,3
259,310,1
272,310,1
283,310,5
294,310,1
307,310,8
319,310,1
5,1960,1
17,1960,1
5,312,1
17,312,1
29,312,2
65,312,2
77,312,4
91,312,1
114,312,2
128,312,2
188,312,3
209,312,3
245,312,3
259,312,7
294,312,1
319,312,3
5,316,4
16,316,1
17,316,11
29,316,8
43,316,8
65,316,2
77,316,11
91,316,5
103,316,9
114,316,5
128,316,12
137,316,6
150,316,4
167,316,9
180,316,10
188,316,5
198,316,14
209,316,4
221,316,2
232,316,19
245,316,4
259,316,4
272,316,9
283,316,10
294,316,3
307,316,16
319,316,2
5,1415,5
17,1415,6
29,1415,6
43,1415,5
65,1415,5
77,1415,1
91,1415,2
103,1415,2
137,1415,2
167,1415,2
180,1415,2
209,1415,4
221,1415,2
232,1415,2
245,1415,2
259,1415,1
283,1415,2
319,1415,2
5,319,13
6,319,1
7,319,2
17,319,6
19,319,7
29,319,18
31,319,3
43,319,10
44,319,4
45,319,4
57,319,8
65,319,20
66,319,2
67,319,4
77,319,12
78,319,1
79,319,2
91,319,16
92,319,2
93,319,2
103,319,10
105,319,8
112,319,2
114,319,4
116,319,8
128,319,5
130,319,3
137,319,8
139,319,4
150,319,6
152,319,12
167,319,18
169,319,7
180,319,9
182,319,4
190,319,10
198,319,12
200,319,9
209,319,14
210,319,2
221,319,6
232,319,13
234,319,15
245,319,10
246,319,1
247,319,2
259,319,4
272,319,6
274,319,6
283,319,2
284,319,2
285,319,2
296,319,3
307,319,7
309,319,7
319,319,1
5,1961,5
17,1961,6
29,1961,8
43,1961,4
65,1961,4
77,1961,3
91,1961,4
103,1961,2
128,1961,3
137,1961,4
150,1961,3
198,1961,2
209,1961,2
245,1961,2
259,1961,2
283,1961,2
307,1961,2
319,1961,2
5,1783,2
17,1783,10
29,1783,15
43,1783,9
65,1783,5
77,1783,3
103,1783,6
128,1783,1
137,1783,3
150,1783,5
167,1783,2
180,1783,1
188,1783,1
209,1783,7
221,1783,1
232,1783,1
245,1783,4
259,1783,2
272,1783,4
283,1783,2
294,1783,5
307,1783,1
319,1783,2
5,1588,2
103,1588,3
114,1588,3
128,1588,2
188,1588,2
198,1588,2
5,764,1
77,764,3
150,764,2
198,764,3
221,764,6
259,764,1
272,764,3
294,764,2
319,764,2
5,1962,2
5,347,4
17,347,3
43,347,4
65,347,1
77,347,2
91,347,2
103,347,4
114,347,3
128,347,10
137,347,6
150,347,5
167,347,1
188,347,1
198,347,1
209,347,1
232,347,9
259,347,2
283,347,4
294,347,1
307,347,4
5,1505,1
17,1505,1
43,1505,1
77,1505,2
91,1505,7
103,1505,3
128,1505,3
137,1505,5
188,1505,1
232,1505,2
245,1505,2
259,1505,1
272,1505,1
283,1505,1
294,1505,3
307,1505,4
319,1505,1
5,353,14
16,353,4
17,353,10
29,353,10
43,353,20
65,353,19
77,353,17
90,353,4
91,353,19
102,353,1
103,353,19
114,353,20
128,353,14
136,353,1
137,353,12
150,353,8
166,353,1
167,353,18
180,353,15
188,353,8
209,353,17
221,353,12
232,353,24
245,353,30
259,353,34
272,353,18
283,353,10
294,353,16
307,353,24
319,353,14
5,1963,4
43,1963,3
65,1963,2
245,1963,3
272,1963,3
294,1963,6
5,355,1
29,355,3
43,355,2
65,355,1
77,355,3
91,355,4
103,355,2
128,355,3
150,355,3
167,355,3
180,355,6
198,355,10
209,355,3
5,1964,2
5,1965,12
29,1965,10
42,1965,3
43,1965,8
65,1965,23
77,1965,11
91,1965,20
103,1965,14
114,1965,4
128,1965,4
137,1965,8
149,1965,3
150,1965,4
167,1965,12
180,1965,4
187,1965,2
197,1965,2
209,1965,12
220,1965,3
221,1965,8
232,1965,12
245,1965,11
259,1965,4
271,1965,4
272,1965,4
283,1965,4
307,1965,8
319,1965,4
5,1966,2
232,1966,4
307,1966,4
5,1967,1
17,1967,1
43,1967,1
91,1967,2
103,1967,1
114,1967,1
128,1967,1
137,1967,2
232,1967,1
245,1967,1
272,1967,1
283,1967,1
319,1967,1
5,367,1
17,367,1
43,367,1
77,367,1
91,367,2
103,367,1
114,367,1
128,367,5
137,367,3
188,367,1
209,367,1
221,367,1
232,367,1
245,367,2
259,367,1
272,367,1
283,367,2
294,367,2
307,367,6
319,367,1
5,1659,3
16,1659,2
28,1659,1
43,1659,1
54,1659,1
65,1659,1
75,1659,1
80,1659,4
90,1659,1
101,1659,1
106,1659,1
126,1659,1
129,1659,1
131,1659,1
135,1659,1
136,1659,1
140,1659,1
166,1659,5
178,1659,2
186,1659,1
187,1659,2
197,1659,1
198,1659,1
208,1659,2
209,1659,1
219,1659,1
244,1659,2
248,1659,1
257,1659,1
258,1659,3
272,1659,4
281,1659,1
305,1659,2
307,1659,2
318,1659,1
5,1968,1
91,1968,1
103,1968,1
209,1968,2
283,1968,2
319,1968,2
5,370,2
17,370,2
43,370,1
77,370,1
91,370,2
103,370,1
114,370,1
128,370,4
137,370,3
180,370,1
188,370,1
209,370,2
221,370,3
232,370,2
245,370,2
272,370,2
283,370,3
294,370,1
307,370,4
319,370,1
5,1969,1
6,1970,2
6,1971,2
16,1971,2
18,1971,1
20,1971,2
30,1971,3
44,1971,1
58,1971,2
66,1971,1
78,1971,1
92,1971,2
104,1971,2
115,1971,2
129,1971,2
136,1971,2
138,1971,2
151,1971,3
181,1971,3
189,1971,1
199,1971,3
210,1971,2
222,1971,1
233,1971,4
246,1971,1
273,1971,3
295,1971,2
317,1971,2
6,1972,1
18,1972,4
28,1972,2
30,1972,1
44,1972,2
66,1972,3
76,1972,1
78,1972,3
92,1972,1
115,1972,4
138,1972,4
151,1972,4
166,1972,2
181,1972,4
189,1972,2
199,1972,3
210,1972,2
222,1972,2
233,1972,6
246,1972,2
273,1972,2
284,1972,4
6,935,2
18,935,2
30,935,2
44,935,1
66,935,2
78,935,8
92,935,2
104,935,1
115,935,1
129,935,4
138,935,1
151,935,3
168,935,1
181,935,3
189,935,2
199,935,5
210,935,5
222,935,3
233,935,6
273,935,8
284,935,1
295,935,4
6,385,3
16,385,1
18,385,1
31,385,1
92,385,1
93,385,1
258,385,1
296,385,1
6,1973,1
30,1973,2
104,1973,1
168,1973,2
189,1973,1
210,1973,2
6,391,1
7,391,2
78,391,1
79,391,2
92,391,2
6,868,2
18,868,4
19,868,2
31,868,2
44,868,6
57,868,1
66,868,3
67,868,1
78,868,5
79,868,2
92,868,3
104,868,5
105,868,2
115,868,2
129,868,7
130,868,3
139,868,3
151,868,1
152,868,2
169,868,6
181,868,1
182,868,2
189,868,2
199,868,3
200,868,6
222,868,3
223,868,2
233,868,4
234,868,2
247,868,2
273,868,2
274,868,4
295,868,4
296,868,13
309,868,1
321,868,5
6,1974,3
18,1974,8
30,1974,4
44,1974,3
66,1974,5
76,1974,3
78,1974,4
92,1974,2
115,1974,5
138,1974,12
151,1974,6
181,1974,7
189,1974,5
199,1974,3
210,1974,5
222,1974,3
233,1974,12
246,1974,5
284,1974,5
295,1974,2
6,1975,1
7,1975,2
18,1975,2
19,1975,6
30,1975,2
31,1975,8
44,1975,3
45,1975,6
57,1975,9
66,1975,4
67,1975,8
78,1975,4
79,1975,5
92,1975,3
93,1975,12
105,1975,14
115,1975,6
116,1975,16
129,1975,4
130,1975,7
138,1975,4
139,1975,13
151,1975,2
152,1975,11
169,1975,16
181,1975,6
182,1975,4
189,1975,1
190,1975,4
200,1975,6
210,1975,2
222,1975,2
223,1975,6
233,1975,2
234,1975,11
246,1975,1
247,1975,2
261,1975,2
273,1975,7
274,1975,13
284,1975,1
285,1975,15
295,1975,6
296,1975,19
309,1975,16
321,1975,14
6,1976,1
66,1976,8
78,1976,5
90,1976,1
92,1976,2
104,1976,4
129,1976,6
138,1976,2
151,1976,2
168,1976,8
210,1976,9
220,1976,2
222,1976,4
246,1976,7
271,1976,2
273,1976,4
295,1976,2
318,1976,1
6,1977,1
18,1977,1
66,1977,2
115,1977,1
129,1977,1
138,1977,2
168,1977,1
6,402,3
7,402,10
15,402,2
17,402,4
18,402,5
19,402,19
27,402,2
30,402,6
31,402,18
44,402,1
45,402,15
57,402,12
65,402,3
66,402,2
67,402,3
75,402,1
77,402,6
78,402,5
79,402,6
90,402,2
91,402,5
92,402,12
93,402,13
101,402,1
103,402,13
104,402,7
105,402,15
112,402,2
114,402,2
115,402,4
116,402,4
128,402,3
129,402,11
130,402,12
135,402,2
137,402,6
138,402,8
139,402,8
150,402,4
151,402,12
152,402,17
165,402,2
166,402,2
167,402,1
168,402,6
169,402,24
178,402,4
180,402,2
181,402,8
182,402,10
188,402,3
189,402,6
190,402,4
198,402,5
200,402,13
207,402,3
208,402,3
209,402,6
210,402,1
222,402,5
223,402,11
230,402,5
231,402,1
232,402,7
233,402,8
234,402,18
244,402,2
245,402,8
246,402,15
247,402,3
257,402,4
259,402,12
271,402,2
272,402,7
273,402,11
274,402,4
281,402,2
283,402,4
284,402,9
285,402,8
294,402,4
295,402,8
296,402,11
305,402,1
307,402,5
309,402,10
319,402,2
321,402,4
6,1978,1
18,1978,1
30,1978,1
210,1978,1
222,1978,1
246,1978,1
273,1978,6
295,1978,2
6,407,1
6,520,2
79,520,1
92,520,1
93,520,1
105,520,2
151,520,1
168,520,1
210,520,1
222,520,1
6,419,2
18,419,5
30,419,5
44,419,4
78,419,7
92,419,9
104,419,5
115,419,2
129,419,5
138,419,6
151,419,9
168,419,3
181,419,6
189,419,4
210,419,2
222,419,6
233,419,5
246,419,13
273,419,5
284,419,7
295,419,11
6,1979,3
78,1979,7
151,1979,1
295,1979,1
6,1980,4
15,1980,1
27,1980,5
54,1980,2
66,1980,1
78,1980,1
92,1980,1
112,1980,2
151,1980,1
165,1980,1
181,1980,1
186,1980,2
199,1980,1
207,1980,1
219,1980,2
257,1980,2
270,1980,2
305,1980,2
6,430,1
6,1981,1
16,1981,2
18,1981,2
28,1981,2
54,1981,2
66,1981,1
76,1981,1
78,1981,2
90,1981,3
92,1981,1
102,1981,4
104,1981,1
115,1981,2
127,1981,1
129,1981,1
149,1981,4
151,1981,1
166,1981,2
168,1981,2
181,1981,1
187,1981,1
197,1981,1
199,1981,2
208,1981,2
210,1981,1
220,1981,1
231,1981,1
244,1981,3
246,1981,2
258,1981,1
271,1981,1
273,1981,1
284,1981,3
295,1981,2
6,1342,1
18,1342,1
78,1342,1
129,1342,1
222,1342,2
295,1342,2
6,440,2
30,440,4
66,440,2
78,440,6
92,440,4
104,440,4
129,440,12
138,440,4
151,440,5
168,440,4
181,440,2
199,440,4
233,440,2
273,440,5
284,440,6
296,440,1
6,1982,3
92,1982,2
115,1982,2
138,1982,1
151,1982,1
168,1982,1
181,1982,2
210,1982,1
222,1982,1
273,1982,1
6,1983,4
28,1983,2
41,1983,4
54,1983,7
76,1983,1
89,1983,6
90,1983,3
101,1983,14
112,1983,7
127,1983,3
135,1983,8
138,1983,4
178,1983,3
179,1983,4
196,1983,3
207,1983,3
208,1983,3
243,1983,8
258,1983,2
271,1983,6
295,1983,3
305,1983,3
317,1983,4
318,1983,13
6,1834,3
6,1476,1
18,1476,2
168,1476,2
210,1476,2
6,896,3
7,896,2
19,896,1
45,896,2
57,896,3
78,896,3
79,896,1
116,896,2
130,896,1
182,896,2
200,896,2
247,896,2
274,896,2
6,1984,4
18,1984,4
30,1984,1
44,1984,7
66,1984,6
78,1984,3
92,1984,2
104,1984,2
115,1984,3
129,1984,3
138,1984,1
168,1984,1
181,1984,1
210,1984,2
222,1984,2
233,1984,1
273,1984,3
284,1984,2
295,1984,6
6,779,2
7,779,1
17,779,3
18,779,4
19,779,12
30,779,2
31,779,8
43,779,1
44,779,2
45,779,7
57,779,12
65,779,2
66,779,2
67,779,8
77,779,4
78,779,3
79,779,5
91,779,4
92,779,1
93,779,8
105,779,15
115,779,3
116,779,7
128,779,6
130,779,8
137,779,2
138,779,5
139,779,15
150,779,8
151,779,2
152,779,11
169,779,27
181,779,4
182,779,5
189,779,3
190,779,7
199,779,2
200,779,12
210,779,3
221,779,6
222,779,2
223,779,12
232,779,2
233,779,7
234,779,15
245,779,2
246,779,3
247,779,8
261,779,3
272,779,3
273,779,3
274,779,14
283,779,5
284,779,3
285,779,16
294,779,5
296,779,21
307,779,3
309,779,16
321,779,18
6,1985,1
44,1985,1
78,1985,1
92,1985,1
6,1178,3
7,1178,2
18,1178,3
19,1178,2
30,1178,4
31,1178,1
44,1178,1
45,1178,4
57,1178,2
66,1178,2
67,1178,1
78,1178,4
92,1178,8
93,1178,4
104,1178,4
105,1178,3
115,1178,4
116,1178,4
129,1178,3
130,1178,2
138,1178,4
139,1178,2
151,1178,6
152,1178,4
168,1178,1
169,1178,3
181,1178,3
189,1178,1
200,1178,1
208,1178,3
210,1178,1
220,1178,1
222,1178,3
223,1178,3
233,1178,4
234,1178,1
246,1178,8
258,1178,1
273,1178,4
274,1178,2
284,1178,4
285,1178,1
295,1178,7
296,1178,2
309,1178,4
6,467,3
18,467,2
66,467,2
78,467,2
115,467,2
129,467,1
138,467,3
168,467,3
199,467,3
210,467,2
222,467,3
246,467,7
273,467,6
295,467,4
6,471,3
18,471,3
30,471,4
66,471,3
78,471,9
92,471,1
104,471,4
115,471,5
129,471,11
138,471,2
168,471,8
189,471,4
210,471,3
222,471,3
233,471,2
246,471,2
273,471,4
295,471,4
6,1986,3
18,1986,4
30,1986,2
44,1986,9
66,1986,6
92,1986,2
104,1986,4
115,1986,2
168,1986,3
189,1986,3
210,1986,2
222,1986,3
233,1986,2
284,1986,3
295,1986,6
6,1987,9
18,1987,9
30,1987,3
44,1987,3
66,1987,6
78,1987,9
92,1987,9
104,1987,3
115,1987,3
138,1987,3
151,1987,4
168,1987,9
181,1987,1
199,1987,8
210,1987,7
222,1987,3
233,1987,2
246,1987,10
273,1987,17
284,1987,12
295,1987,16
6,1988,1
18,1988,1
66,1988,1
78,1988,3
138,1988,3
181,1988,3
284,1988,1
6,480,1
6,1989,3
18,1989,4
104,1989,2
168,1989,4
210,1989,3
6,1859,2
115,1859,2
6,1990,2
18,1990,1
30,1990,2
104,1990,2
115,1990,1
129,1990,1
168,1990,1
233,1990,1
273,1990,1
284,1990,4
6,496,1
7,496,2
18,496,1
19,496,7
31,496,7
57,496,5
67,496,1
79,496,1
92,496,2
104,496,1
105,496,3
115,496,4
116,496,3
130,496,2
138,496,4
139,496,6
151,496,2
152,496,8
168,496,2
169,496,6
182,496,2
189,496,1
200,496,8
210,496,3
222,496,2
223,496,2
233,496,1
247,496,2
273,496,6
274,496,4
284,496,2
295,496,4
296,496,8
309,496,4
321,496,6
6,1991,1
44,1991,1
66,1991,2
78,1991,1
92,1991,1
129,1991,1
151,1991,1
179,1991,2
181,1991,1
186,1991,1
199,1991,2
208,1991,1
231,1991,3
233,1991,1
258,1991,1
273,1991,1
6,1577,2
92,1577,2
115,1577,1
151,1577,2
168,1577,2
210,1577,2
222,1577,2
295,1577,2
6,1992,2
6,1723,2
18,1723,3
30,1723,1
44,1723,4
66,1723,4
75,1723,1
78,1723,1
92,1723,2
101,1723,2
104,1723,1
112,1723,1
129,1723,4
151,1723,1
168,1723,2
181,1723,1
186,1723,2
189,1723,1
196,1723,1
199,1723,2
210,1723,1
222,1723,1
230,1723,1
233,1723,3
257,1723,1
273,1723,6
295,1723,4
7,502,1
18,502,1
19,502,2
31,502,1
66,502,1
67,502,1
78,502,1
79,502,1
92,502,1
104,502,2
105,502,1
115,502,2
116,502,1
129,502,1
130,502,2
138,502,1
151,502,1
152,502,4
168,502,1
169,502,4
182,502,1
189,502,1
200,502,2
246,502,1
274,502,1
296,502,2
309,502,2
7,505,2
19,505,1
45,505,2
57,505,4
67,505,2
79,505,3
93,505,2
105,505,12
116,505,5
130,505,4
139,505,8
152,505,2
169,505,3
190,505,8
223,505,7
234,505,6
247,505,2
261,505,8
274,505,7
285,505,12
296,505,3
321,505,2
7,506,1
19,506,6
31,506,1
45,506,5
57,506,4
67,506,2
79,506,3
93,506,7
105,506,6
116,506,6
130,506,8
139,506,5
152,506,7
169,506,11
182,506,2
190,506,1
200,506,4
223,506,4
234,506,3
274,506,3
285,506,4
296,506,5
309,506,6
7,509,1
19,509,2
31,509,2
45,509,3
57,509,1
67,509,1
79,509,2
93,509,3
105,509,1
130,509,3
152,509,4
169,509,3
182,509,1
223,509,1
234,509,5
309,509,1
7,510,1
45,510,1
57,510,3
67,510,2
79,510,3
93,510,1
105,510,6
130,510,2
139,510,1
169,510,4
190,510,6
200,510,2
223,510,1
247,510,3
261,510,3
274,510,4
285,510,2
7,512,1
93,512,2
234,512,2
7,516,1
19,516,10
31,516,5
45,516,8
57,516,10
67,516,4
79,516,6
93,516,9
105,516,11
116,516,5
117,516,1
130,516,10
139,516,6
140,516,2
152,516,11
153,516,3
165,516,2
169,516,16
170,516,2
182,516,8
190,516,2
200,516,6
223,516,8
230,516,2
234,516,7
243,516,2
247,516,2
262,516,2
274,516,3
285,516,8
292,516,2
296,516,9
297,516,2
305,516,2
309,516,10
321,516,2
322,516,2
7,873,2
19,873,2
31,873,3
79,873,2
152,873,2
169,873,2
182,873,1
247,873,2
274,873,1
296,873,1
309,873,1
321,873,4
7,408,1
18,408,1
19,408,1
31,408,1
44,408,3
57,408,1
66,408,1
104,408,1
115,408,1
129,408,1
139,408,1
152,408,2
169,408,1
182,408,2
200,408,1
210,408,1
222,408,1
233,408,1
234,408,1
295,408,1
296,408,1
7,413,2
19,413,2
45,413,4
57,413,6
67,413,4
79,413,2
116,413,4
130,413,2
152,413,11
169,413,8
182,413,8
190,413,4
200,413,12
234,413,12
247,413,3
296,413,4
7,522,1
19,522,9
31,522,5
45,522,4
57,522,3
67,522,2
79,522,5
93,522,2
105,522,11
116,522,2
130,522,8
139,522,1
152,522,11
169,522,8
182,522,7
190,522,1
200,522,3
223,522,6
234,522,5
274,522,3
285,522,1
296,522,3
309,522,4
321,522,2
7,1682,2
19,1682,2
31,1682,2
152,1682,1
169,1682,2
182,1682,1
7,1993,4
19,1993,15
31,1993,11
45,1993,15
57,1993,23
67,1993,10
79,1993,11
93,1993,12
105,1993,28
116,1993,16
130,1993,11
139,1993,28
152,1993,13
169,1993,31
182,1993,2
190,1993,15
200,1993,13
223,1993,14
234,1993,16
247,1993,11
261,1993,10
274,1993,21
285,1993,24
296,1993,24
309,1993,18
321,1993,22
7,1994,7
19,1994,14
31,1994,5
45,1994,7
57,1994,15
67,1994,8
79,1994,10
93,1994,8
105,1994,10
116,1994,12
130,1994,5
139,1994,6
152,1994,21
169,1994,14
182,1994,9
190,1994,8
200,1994,16
234,1994,19
247,1994,3
274,1994,6
285,1994,4
296,1994,6
309,1994,8
321,1994,2
7,610,2
16,610,1
19,610,4
20,610,1
28,610,2
31,610,4
32,610,1
41,610,1
45,610,2
57,610,3
58,610,2
67,610,1
68,610,2
75,610,3
79,610,2
93,610,2
94,610,2
101,610,2
105,610,6
106,610,2
112,610,1
116,610,6
117,610,2
127,610,1
129,610,2
130,610,2
135,610,3
136,610,2
139,610,8
140,610,1
148,610,1
152,610,8
153,610,2
165,610,5
169,610,2
182,610,2
186,610,1
197,610,1
219,610,1
223,610,6
247,610,2
257,610,1
258,610,1
270,610,1
274,610,2
281,610,1
285,610,4
296,610,3
309,610,5
321,610,4
7,1774,2
93,1774,2
139,1774,2
169,1774,2
182,1774,2
7,1995,1
44,1995,1
45,1995,1
93,1995,1
234,1995,1
309,1995,2
7,537,4
105,537,2
116,537,2
130,537,2
169,537,1
234,537,3
7,131,3
16,131,1
18,131,5
19,131,4
27,131,2
28,131,4
31,131,2
32,131,1
45,131,4
54,131,3
57,131,4
66,131,1
75,131,2
76,131,2
93,131,3
102,131,4
105,131,10
115,131,3
116,131,2
127,131,2
129,131,2
136,131,1
138,131,2
149,131,5
166,131,5
168,131,2
169,131,3
179,131,3
181,131,1
186,131,3
187,131,1
196,131,1
200,131,2
223,131,5
230,131,1
243,131,1
244,131,7
257,131,2
271,131,4
281,131,1
318,131,3
7,1700,3
19,1700,1
30,1700,2
31,1700,3
45,1700,2
57,1700,2
93,1700,1
139,1700,2
152,1700,3
199,1700,2
200,1700,3
223,1700,2
234,1700,2
274,1700,1
284,1700,2
295,1700,2
296,1700,2
309,1700,2
7,1996,3
19,1996,7
31,1996,2
45,1996,4
57,1996,6
67,1996,6
79,1996,8
93,1996,4
105,1996,4
116,1996,5
130,1996,4
139,1996,3
152,1996,14
169,1996,9
182,1996,4
190,1996,8
200,1996,9
234,1996,4
247,1996,3
296,1996,3
309,1996,3
8,1997,2
20,1997,2
32,1997,2
46,1997,5
89,1997,3
94,1997,1
101,1997,3
106,1997,2
112,1997,3
131,1997,6
140,1997,2
148,1997,6
153,1997,4
248,1997,3
305,1997,1
310,1997,1
317,1997,1
8,1998,1
20,1998,1
32,1998,1
46,1998,2
68,1998,1
89,1998,1
94,1998,1
101,1998,2
106,1998,1
112,1998,1
126,1998,1
131,1998,4
140,1998,3
148,1998,3
153,1998,4
219,1998,1
243,1998,1
248,1998,1
286,1998,1
305,1998,1
310,1998,1
317,1998,1
322,1998,1
8,718,3
16,718,1
20,718,5
27,718,4
28,718,1
32,718,3
41,718,4
46,718,5
54,718,2
75,718,8
90,718,1
94,718,5
102,718,3
106,718,3
112,718,4
127,718,1
131,718,13
135,718,12
136,718,1
140,718,4
149,718,1
153,718,8
166,718,4
179,718,1
187,718,3
219,718,3
235,718,2
243,718,1
248,718,2
258,718,2
286,718,3
305,718,4
310,718,2
322,718,3
15,1621,1
15,1784,1
27,1784,1
101,1784,1
112,1784,1
135,1784,1
305,1784,1
15,1519,1
27,1519,1
41,1519,3
46,1519,1
75,1519,1
101,1519,1
112,1519,2
135,1519,2
178,1519,1
207,1519,1
248,1519,2
305,1519,4
15,1999,1
15,30,1
20,30,1
94,30,1
129,30,1
131,30,2
140,30,1
148,30,1
219,30,2
230,30,1
233,30,1
15,2000,2
136,2000,2
15,598,1
75,598,1
89,598,1
112,598,1
165,598,2
186,598,3
207,598,2
243,598,1
270,598,1
292,598,1
317,598,1
15,1298,1
75,1298,1
89,1298,1
292,1298,1
15,60,3
27,60,3
135,60,3
230,60,4
15,2001,1
90,2001,1
101,2001,1
102,2001,1
112,2001,1
208,2001,1
15,2002,2
27,2002,2
135,2002,2
15,953,4
27,953,4
41,953,4
46,953,1
75,953,8
112,953,4
131,953,1
135,953,12
153,953,1
322,953,1
15,448,3
19,448,2
31,448,2
44,448,1
45,448,2
54,448,2
102,448,4
112,448,1
136,448,6
153,448,1
222,448,1
271,448,3
273,448,1
296,448,2
305,448,2
15,956,2
20,956,8
27,956,4
32,956,3
41,956,1
46,956,1
58,956,3
68,956,2
75,956,1
80,956,10
94,956,9
101,956,3
106,956,3
112,956,6
117,956,5
126,956,4
131,956,9
135,956,2
140,956,6
148,956,1
153,956,13
165,956,3
170,956,3
178,956,1
183,956,2
186,956,1
196,956,3
201,956,3
207,956,3
212,956,2
219,956,7
230,956,4
235,956,3
243,956,9
248,956,5
257,956,7
262,956,11
270,956,3
275,956,6
281,956,4
286,956,2
292,956,4
297,956,6
305,956,5
310,956,4
317,956,2
322,956,4
15,91,2
27,91,2
75,91,2
89,91,4
112,91,2
126,91,3
135,91,2
153,91,2
178,91,2
179,91,1
186,91,2
230,91,2
243,91,8
257,91,4
270,91,4
305,91,2
15,1023,4
28,1023,2
54,1023,2
68,1023,4
75,1023,3
76,1023,2
89,1023,3
94,1023,2
101,1023,2
102,1023,2
106,1023,2
117,1023,3
127,1023,2
131,1023,1
136,1023,2
148,1023,3
153,1023,2
186,1023,1
187,1023,3
196,1023,3
207,1023,2
208,1023,1
219,1023,1
220,1023,2
244,1023,2
257,1023,1
270,1023,1
271,1023,5
275,1023,3
305,1023,1
318,1023,1
322,1023,2
15,106,3
16,106,2
28,106,3
54,106,4
75,106,1
90,106,2
101,106,2
102,106,2
112,106,2
127,106,1
135,106,2
136,106,2
149,106,5
165,106,2
166,106,1
186,106,1
187,106,3
197,106,2
208,106,2
220,106,3
231,106,1
244,106,9
258,106,2
281,106,2
15,2003,3
27,2003,3
76,2003,1
101,2003,2
112,2003,2
135,2003,3
305,2003,2
15,2004,1
148,2004,1
165,2004,3
230,2004,1
257,2004,1
281,2004,1
305,2004,2
15,1528,1
136,1528,1
149,1528,1
15,701,1
27,701,1
41,701,1
94,701,1
126,701,1
131,701,1
153,701,1
322,701,1
15,968,4
27,968,4
75,968,4
89,968,2
101,968,2
112,968,2
178,968,1
207,968,1
230,968,2
243,968,2
270,968,3
305,968,2
15,2005,1
15,2006,2
27,2006,2
89,2006,2
126,2006,2
127,2006,1
135,2006,4
136,2006,1
165,2006,1
178,2006,2
179,2006,2
187,2006,1
220,2006,1
230,2006,4
231,2006,2
243,2006,2
244,2006,2
258,2006,2
270,2006,4
271,2006,1
292,2006,2
305,2006,3
15,1208,1
15,1808,1
15,2007,2
75,2007,1
89,2007,1
135,2007,1
148,2007,2
178,2007,1
186,2007,2
292,2007,1
305,2007,2
16,175,1
220,175,2
231,175,1
16,2008,2
17,2008,4
29,2008,4
43,2008,4
102,2008,1
150,2008,4
166,2008,1
178,2008,1
221,2008,1
258,2008,2
259,2008,4
272,2008,1
307,2008,1
16,1458,1
16,15,1
42,15,1
43,15,1
54,15,2
77,15,1
90,15,1
94,15,1
103,15,1
127,15,2
149,15,1
179,15,1
187,15,1
197,15,1
220,15,2
244,15,2
271,15,2
310,15,1
16,2009,5
28,2009,2
41,2009,2
42,2009,2
54,2009,1
76,2009,5
127,2009,3
178,2009,2
187,2009,2
196,2009,2
243,2009,2
244,2009,1
258,2009,2
317,2009,2
16,1396,1
28,1396,2
54,1396,3
76,1396,1
90,1396,2
127,1396,1
136,1396,1
149,1396,1
166,1396,5
187,1396,2
208,1396,2
220,1396,1
231,1396,1
244,1396,1
258,1396,5
271,1396,1
16,190,1
90,190,1
232,190,1
244,190,1
283,190,1
318,190,1
16,2010,2
16,1792,1
54,1792,2
127,1792,1
231,1792,1
244,1792,1
258,1792,1
307,1792,1
16,2011,4
18,2011,1
28,2011,1
42,2011,6
76,2011,4
90,2011,4
102,2011,3
115,2011,1
127,2011,2
136,2011,9
179,2011,3
187,2011,2
197,2011,2
208,2011,3
220,2011,2
246,2011,1
258,2011,2
271,2011,4
273,2011,2
295,2011,1
318,2011,4
16,1624,1
90,1624,1
244,1624,1
318,1624,1
16,2012,1
78,2012,1
127,2012,1
231,2012,1
244,2012,1
258,2012,1
16,1200,1
66,1200,1
90,1200,1
136,1200,1
166,1200,1
208,1200,1
244,1200,2
271,1200,1
273,1200,1
318,1200,1
16,1382,2
20,1382,2
28,1382,6
54,1382,6
76,1382,1
89,1382,1
90,1382,2
94,1382,2
101,1382,3
102,1382,4
112,1382,1
126,1382,1
127,1382,3
136,1382,2
148,1382,3
149,1382,1
166,1382,6
178,1382,1
187,1382,2
197,1382,4
208,1382,2
219,1382,1
220,1382,1
231,1382,4
243,1382,1
244,1382,6
258,1382,8
271,1382,1
292,1382,1
305,1382,1
317,1382,1
16,2013,2
27,2013,1
54,2013,4
127,2013,3
231,2013,3
244,2013,2
258,2013,3
16,54,1
42,54,3
54,54,5
90,54,2
127,54,1
136,54,1
149,54,1
179,54,1
187,54,1
220,54,3
231,54,2
244,54,1
271,54,1
318,54,2
16,55,1
20,55,1
80,55,3
94,55,1
102,55,2
127,55,2
131,55,1
153,55,2
231,55,2
244,55,2
258,55,2
16,2014,1
28,2014,1
54,2014,2
76,2014,1
90,2014,1
101,2014,1
127,2014,1
136,2014,1
149,2014,1
166,2014,5
178,2014,1
187,2014,3
197,2014,1
208,2014,1
219,2014,1
220,2014,1
231,2014,1
243,2014,1
244,2014,2
258,2014,3
271,2014,1
305,2014,1
317,2014,1
16,668,2
101,668,1
186,668,1
16,85,1
28,85,2
41,85,5
90,85,2
92,85,1
102,85,1
149,85,6
166,85,3
179,85,1
187,85,1
208,85,1
220,85,1
231,85,1
257,85,2
258,85,1
271,85,2
318,85,1
16,238,1
90,238,1
244,238,1
318,238,1
16,1163,1
28,1163,1
42,1163,1
54,1163,2
90,1163,1
127,1163,1
149,1163,1
179,1163,1
187,1163,1
197,1163,1
220,1163,2
231,1163,1
244,1163,1
271,1163,1
318,1163,2
16,681,1
16,2015,3
42,2015,4
54,2015,2
102,2015,3
136,2015,6
149,2015,4
208,2015,4
220,2015,2
271,2015,7
16,2016,1
179,2016,1
16,1089,2
54,1089,5
90,1089,2
127,1089,2
136,1089,2
149,1089,2
220,1089,1
244,1089,2
271,1089,3
318,1089,2
16,1206,1
28,1206,2
42,1206,2
54,1206,1
90,1206,4
102,1206,2
149,1206,1
166,1206,3
179,1206,2
187,1206,2
208,1206,5
220,1206,5
231,1206,1
244,1206,2
258,1206,1
271,1206,4
16,691,1
244,691,2
16,692,1
126,692,2
148,692,2
197,692,4
16,2017,2
28,2017,2
54,2017,2
76,2017,2
90,2017,3
127,2017,1
136,2017,2
149,2017,1
166,2017,6
187,2017,3
197,2017,1
208,2017,2
220,2017,1
231,2017,1
244,2017,3
258,2017,5
271,2017,1
16,633,2
139,633,1
16,1640,1
28,1640,3
31,1640,3
54,1640,3
76,1640,1
90,1640,2
127,1640,1
129,1640,1
136,1640,1
149,1640,2
166,1640,8
187,1640,2
197,1640,1
208,1640,1
220,1640,4
231,1640,1
244,1640,1
257,1640,1
258,1640,4
271,1640,1
16,278,1
16,284,1
28,284,1
76,284,1
89,284,1
90,284,1
101,284,2
112,284,1
126,284,1
127,284,1
136,284,2
148,284,2
166,284,5
187,284,1
197,284,1
208,284,2
219,284,1
220,284,1
244,284,2
258,284,3
271,284,1
17,306,1
29,306,4
43,306,4
65,306,4
77,306,2
103,306,3
114,306,2
128,306,2
137,306,5
150,306,4
167,306,2
180,306,1
188,306,1
232,306,6
245,306,1
272,306,3
283,306,2
294,306,1
307,306,5
319,306,1
17,308,3
65,308,6
77,308,1
114,308,1
245,308,1
259,308,1
307,308,1
17,2018,4
43,2018,3
65,2018,4
91,2018,2
103,2018,4
114,2018,2
128,2018,6
137,2018,1
150,2018,2
180,2018,1
188,2018,2
232,2018,5
272,2018,2
283,2018,8
294,2018,4
307,2018,2
319,2018,2
17,2019,1
137,2019,2
209,2019,2
17,2020,6
29,2020,5
43,2020,8
65,2020,3
77,2020,6
91,2020,9
103,2020,7
114,2020,14
128,2020,7
137,2020,3
150,2020,5
167,2020,5
180,2020,4
188,2020,2
198,2020,2
209,2020,9
221,2020,2
245,2020,3
259,2020,12
272,2020,5
283,2020,6
294,2020,12
307,2020,7
17,2021,2
17,740,4
19,740,6
29,740,2
31,740,6
43,740,4
45,740,13
57,740,11
65,740,4
67,740,4
77,740,3
79,740,6
91,740,2
93,740,9
103,740,11
105,740,13
114,740,11
116,740,13
128,740,8
130,740,5
137,740,6
139,740,14
150,740,4
151,740,3
152,740,14
167,740,2
169,740,11
180,740,1
182,740,4
188,740,4
190,740,6
200,740,10
209,740,2
221,740,1
223,740,13
232,740,6
234,740,9
245,740,4
247,740,5
261,740,6
272,740,3
274,740,13
283,740,8
285,740,16
294,740,8
296,740,6
307,740,6
309,740,10
319,740,1
321,740,14
17,1414,2
43,1414,3
65,1414,6
77,1414,12
91,1414,9
103,1414,13
114,1414,6
128,1414,4
137,1414,4
150,1414,3
180,1414,3
188,1414,2
198,1414,5
209,1414,6
221,1414,1
232,1414,8
245,1414,4
259,1414,11
272,1414,9
283,1414,2
307,1414,6
319,1414,3
17,2022,25
29,2022,11
43,2022,19
65,2022,17
77,2022,11
91,2022,6
103,2022,17
114,2022,24
128,2022,7
137,2022,9
150,2022,18
167,2022,7
180,2022,4
188,2022,8
198,2022,3
209,2022,18
221,2022,7
232,2022,12
245,2022,17
259,2022,15
272,2022,7
283,2022,14
294,2022,10
307,2022,11
319,2022,8
17,2023,1
29,2023,1
77,2023,1
103,2023,2
167,2023,2
180,2023,2
188,2023,2
232,2023,2
259,2023,2
283,2023,2
307,2023,2
17,1824,4
65,1824,1
103,1824,1
114,1824,1
128,1824,2
150,1824,1
232,1824,1
294,1824,1
17,41,2
29,41,2
259,41,2
17,748,1
65,748,1
128,748,3
137,748,2
198,748,1
221,748,2
259,748,2
283,748,2
17,2024,2
259,2024,2
17,2025,1
65,2025,2
103,2025,4
114,2025,2
128,2025,3
150,2025,4
232,2025,1
283,2025,1
294,2025,1
17,767,1
65,767,2
103,767,2
283,767,1
17,344,2
29,344,3
221,344,1
17,773,2
17,2026,4
65,2026,2
103,2026,3
114,2026,3
128,2026,4
137,2026,1
150,2026,4
232,2026,2
283,2026,2
294,2026,3
17,2027,3
29,2027,3
43,2027,7
65,2027,2
77,2027,4
91,2027,8
103,2027,4
114,2027,8
128,2027,7
137,2027,3
150,2027,5
167,2027,3
180,2027,4
188,2027,2
198,2027,6
209,2027,6
221,2027,2
245,2027,3
259,2027,9
272,2027,5
283,2027,4
294,2027,13
307,2027,4
17,784,2
29,784,1
43,784,2
77,784,1
188,784,1
209,784,1
17,785,2
103,785,2
17,2028,4
29,2028,4
91,2028,2
103,2028,1
114,2028,3
128,2028,1
150,2028,4
180,2028,2
221,2028,2
232,2028,2
259,2028,4
283,2028,3
307,2028,1
17,2029,2
29,2029,4
43,2029,3
77,2029,2
91,2029,2
103,2029,2
150,2029,2
167,2029,5
180,2029,2
188,2029,2
198,2029,3
209,2029,4
221,2029,3
232,2029,2
245,2029,4
259,2029,2
283,2029,2
294,2029,3
307,2029,2
17,2030,2
29,2030,6
77,2030,6
91,2030,2
103,2030,2
114,2030,4
128,2030,3
137,2030,5
150,2030,7
167,2030,7
180,2030,4
188,2030,4
198,2030,2
209,2030,6
221,2030,3
232,2030,9
245,2030,4
259,2030,12
283,2030,5
294,2030,6
307,2030,9
319,2030,2
17,2031,6
20,2031,4
58,2031,2
65,2031,3
80,2031,3
91,2031,2
106,2031,5
117,2031,1
128,2031,5
131,2031,1
150,2031,3
153,2031,4
180,2031,4
183,2031,1
198,2031,3
201,2031,1
209,2031,3
212,2031,1
221,2031,4
232,2031,3
259,2031,2
283,2031,4
286,2031,1
307,2031,4
319,2031,3
322,2031,3
17,2032,1
29,2032,2
43,2032,2
77,2032,2
128,2032,2
150,2032,2
167,2032,2
180,2032,4
283,2032,2
17,2033,2
91,2033,7
103,2033,7
137,2033,7
188,2033,4
198,2033,4
209,2033,4
232,2033,4
272,2033,4
307,2033,4
17,1066,1
29,1066,1
77,1066,1
103,1066,1
150,1066,2
167,1066,1
180,1066,1
188,1066,1
232,1066,1
245,1066,1
259,1066,1
283,1066,1
307,1066,1
17,1422,2
29,1422,2
77,1422,2
91,1422,2
103,1422,2
150,1422,2
167,1422,2
180,1422,2
188,1422,2
221,1422,1
232,1422,2
245,1422,1
259,1422,2
272,1422,1
283,1422,2
307,1422,2
18,1488,1
19,1488,2
27,1488,1
30,1488,3
45,1488,4
57,1488,1
66,1488,1
68,1488,2
75,1488,2
76,1488,3
78,1488,3
79,1488,2
89,1488,2
92,1488,3
93,1488,1
94,1488,1
101,1488,2
105,1488,2
106,1488,1
115,1488,2
126,1488,2
130,1488,4
135,1488,2
138,1488,2
151,1488,3
152,1488,2
165,1488,2
169,1488,3
181,1488,3
182,1488,2
186,1488,2
189,1488,2
190,1488,1
191,1488,1
197,1488,1
200,1488,1
210,1488,1
223,1488,1
230,1488,2
233,1488,2
234,1488,3
235,1488,1
243,1488,1
246,1488,1
248,1488,1
259,1488,2
284,1488,5
292,1488,4
295,1488,2
307,1488,1
18,2034,2
27,2034,1
30,2034,4
42,2034,1
44,2034,2
115,2034,2
127,2034,1
135,2034,3
136,2034,1
151,2034,2
166,2034,2
179,2034,2
181,2034,6
187,2034,3
208,2034,1
220,2034,1
231,2034,2
233,2034,1
244,2034,2
246,2034,2
284,2034,2
305,2034,2
318,2034,2
18,2035,1
115,2035,1
18,823,1
30,823,2
66,823,2
168,823,2
233,823,1
18,518,2
30,518,1
44,518,3
57,518,3
78,518,4
104,518,2
115,518,1
129,518,4
138,518,2
151,518,3
168,518,2
199,518,2
210,518,7
222,518,3
233,518,1
246,518,1
273,518,8
284,518,1
295,518,3
18,595,1
44,595,1
78,595,1
115,595,1
129,595,1
136,595,2
139,595,1
234,595,2
246,595,1
273,595,1
284,595,3
295,595,2
18,423,2
28,423,1
30,423,1
42,423,2
76,423,1
92,423,1
102,423,1
104,423,1
127,423,2
129,423,1
166,423,2
189,423,1
284,423,2
18,1341,2
189,1341,2
233,1341,2
284,1341,2
295,1341,2
18,216,1
44,216,1
78,216,1
115,216,1
129,216,1
273,216,1
284,216,1
18,1845,1
78,1845,1
92,1845,1
104,1845,1
168,1845,1
189,1845,1
274,1845,1
295,1845,1
296,1845,1
18,2036,5
30,2036,6
44,2036,5
78,2036,9
104,2036,3
115,2036,2
129,2036,9
138,2036,4
151,2036,9
168,2036,3
181,2036,5
189,2036,3
199,2036,1
210,2036,3
222,2036,7
233,2036,3
246,2036,3
273,2036,7
284,2036,3
295,2036,7
18,444,1
19,444,10
31,444,3
45,444,6
57,444,4
67,444,1
78,444,1
79,444,9
92,444,2
93,444,3
104,444,2
105,444,8
129,444,1
130,444,8
138,444,1
139,444,1
152,444,6
168,444,1
169,444,8
182,444,6
189,444,1
190,444,2
200,444,3
222,444,4
223,444,2
234,444,6
246,444,1
274,444,2
284,444,1
285,444,2
295,444,3
309,444,2
18,2037,2
129,2037,1
273,2037,4
295,2037,2
18,2038,1
66,2038,1
168,2038,2
233,2038,1
18,465,2
30,465,1
44,465,2
66,465,1
115,465,1
136,465,1
138,465,3
151,465,2
189,465,2
199,465,2
210,465,2
222,465,2
233,465,6
284,465,1
295,465,1
18,840,2
30,840,1
66,840,8
78,840,7
104,840,6
129,840,6
151,840,1
168,840,5
210,840,8
233,840,3
246,840,11
273,840,7
18,2039,2
30,2039,5
44,2039,2
78,2039,1
92,2039,3
115,2039,1
138,2039,1
140,2039,1
153,2039,1
170,2039,1
222,2039,5
246,2039,2
262,2039,1
273,2039,2
295,2039,4
297,2039,1
18,2040,3
30,2040,3
44,2040,3
66,2040,1
78,2040,1
92,2040,2
104,2040,1
115,2040,2
129,2040,2
138,2040,1
151,2040,5
181,2040,1
210,2040,2
222,2040,1
273,2040,5
284,2040,1
295,2040,2
18,2041,2
44,2041,1
78,2041,2
104,2041,1
115,2041,1
129,2041,2
138,2041,2
151,2041,1
181,2041,1
210,2041,1
273,2041,2
284,2041,1
295,2041,2
18,1516,1
168,1516,1
18,1836,1
168,1836,1
199,1836,1
210,1836,2
222,1836,1
233,1836,1
18,844,1
151,844,2
168,844,2
181,844,2
233,844,3
295,844,3
18,481,1
78,481,2
104,481,1
115,481,1
129,481,3
138,481,1
151,481,2
168,481,1
186,481,1
199,481,1
210,481,4
222,481,2
233,481,1
246,481,1
273,481,3
284,481,2
295,481,3
18,852,1
19,852,1
30,852,2
44,852,1
54,852,3
76,852,1
151,852,1
181,852,1
223,852,2
233,852,1
246,852,1
18,1092,2
30,1092,4
44,1092,2
78,1092,1
129,1092,2
181,1092,3
233,1092,1
243,1092,2
246,1092,2
18,1576,1
66,1576,1
78,1576,2
115,1576,1
138,1576,1
181,1576,1
284,1576,2
18,853,1
45,853,2
66,853,4
78,853,1
79,853,2
92,853,4
116,853,2
168,853,1
182,853,2
200,853,3
210,853,3
233,853,1
18,500,1
44,500,1
138,500,1
151,500,1
189,500,1
199,500,1
210,500,1
222,500,1
233,500,3
18,854,1
28,854,1
66,854,2
129,854,1
149,854,3
168,854,2
197,854,2
233,854,1
284,854,3
295,854,2
18,857,4
30,857,2
44,857,6
78,857,6
104,857,1
115,857,4
129,857,4
138,857,4
151,857,4
168,857,2
199,857,2
210,857,8
222,857,3
233,857,2
273,857,10
284,857,5
295,857,4
18,2042,2
30,2042,2
66,2042,2
115,2042,1
138,2042,2
181,2042,5
189,2042,1
246,2042,2
284,2042,2
19,2043,1
31,2043,1
45,2043,1
234,2043,3
19,513,3
45,513,4
57,513,5
79,513,1
105,513,3
116,513,2
130,513,2
139,513,4
152,513,1
169,513,6
190,513,3
200,513,2
223,513,3
234,513,3
247,513,1
261,513,1
274,513,4
285,513,4
296,513,1
309,513,2
321,513,1
19,877,1
31,877,1
105,877,2
116,877,2
130,877,1
152,877,1
169,877,1
285,877,1
19,1186,4
45,1186,4
57,1186,2
79,1186,4
93,1186,2
105,1186,4
130,1186,8
152,1186,6
169,1186,6
182,1186,4
190,1186,2
200,1186,2
223,1186,4
234,1186,6
285,1186,2
19,1357,4
92,1357,2
104,1357,4
105,1357,5
116,1357,5
139,1357,2
152,1357,2
234,1357,3
274,1357,3
285,1357,4
19,666,1
31,666,6
57,666,1
67,666,2
79,666,2
105,666,2
152,666,3
169,666,7
182,666,2
200,666,2
247,666,1
296,666,3
321,666,2
19,2044,1
31,2044,4
19,2045,3
223,2045,2
19,2046,3
31,2046,3
45,2046,3
234,2046,4
19,1359,2
116,1359,1
139,1359,1
284,1359,2
295,1359,4
19,2047,3
31,2047,1
57,2047,1
105,2047,1
130,2047,1
139,2047,1
152,2047,1
169,2047,5
223,2047,2
234,2047,2
247,2047,2
274,2047,4
296,2047,4
309,2047,2
321,2047,4
19,2048,2
31,2048,1
45,2048,1
57,2048,3
93,2048,1
105,2048,2
139,2048,1
152,2048,6
169,2048,2
200,2048,2
296,2048,2
309,2048,1
19,2049,4
45,2049,4
273,2049,1
19,912,3
31,912,1
45,912,1
57,912,1
93,912,2
105,912,3
116,912,2
139,912,1
296,912,1
19,544,2
104,544,2
261,544,1
274,544,1
285,544,2
19,1153,1
67,1153,1
19,916,1
45,916,1
57,916,1
105,916,2
139,916,1
19,548,1
31,548,2
78,548,1
105,548,1
151,548,1
168,548,1
189,548,1
296,548,1
19,1575,1
79,1575,2
93,1575,1
105,1575,1
116,1575,1
139,1575,2
190,1575,4
274,1575,2
19,2050,2
28,2050,1
31,2050,2
116,2050,3
169,2050,1
296,2050,4
321,2050,1
19,922,2
31,922,1
67,922,2
79,922,2
105,922,3
169,922,1
285,922,2
19,498,3
45,498,2
57,498,1
75,498,1
79,498,1
105,498,6
116,498,2
139,498,2
152,498,1
169,498,3
200,498,2
223,498,2
234,498,1
247,498,3
273,498,1
285,498,2
295,498,1
296,498,1
309,498,5
321,498,3
19,1518,6
30,1518,2
45,1518,2
79,1518,2
93,1518,2
105,1518,5
116,1518,8
139,1518,5
152,1518,2
200,1518,5
223,1518,4
273,1518,2
285,1518,3
309,1518,2
321,1518,2
19,2051,1
79,2051,4
105,2051,1
116,2051,1
152,2051,3
234,2051,1
274,2051,2
19,560,5
31,560,2
57,560,4
66,560,2
67,560,2
93,560,1
105,560,9
116,560,5
138,560,2
139,560,3
152,560,2
168,560,2
169,560,2
210,560,2
222,560,2
234,560,4
246,560,4
274,560,3
284,560,2
285,560,2
309,560,2
20,2052,2
58,2052,2
68,2052,1
80,2052,2
94,2052,5
106,2052,1
117,2052,1
140,2052,2
153,2052,3
275,2052,2
322,2052,1
20,737,1
20,1443,3
20,1195,1
32,1195,5
46,1195,4
58,1195,3
68,1195,2
80,1195,1
94,1195,4
106,1195,2
117,1195,2
131,1195,3
148,1195,1
153,1195,3
165,1195,1
170,1195,2
235,1195,3
248,1195,2
271,1195,2
286,1195,1
297,1195,3
322,1195,3
20,2053,2
46,2053,1
58,2053,2
68,2053,1
80,2053,2
94,2053,1
106,2053,4
117,2053,2
131,2053,3
140,2053,1
153,2053,2
183,2053,1
191,2053,1
201,2053,1
212,2053,1
235,2053,1
248,2053,2
262,2053,1
275,2053,2
286,2053,1
297,2053,3
322,2053,1
20,954,1
153,954,1
20,1614,1
32,1614,1
46,1614,1
94,1614,3
106,1614,1
117,1614,2
170,1614,1
248,1614,1
297,1614,1
322,1614,1
20,118,2
32,118,2
94,118,2
106,118,2
117,118,2
127,118,4
170,118,2
197,118,2
201,118,2
322,118,2
20,260,1
27,260,2
32,260,3
58,260,2
68,260,2
75,260,1
76,260,4
80,260,2
90,260,2
94,260,2
106,260,2
117,260,2
127,260,1
140,260,1
153,260,6
179,260,2
208,260,4
271,260,3
275,260,2
305,260,1
322,260,1
20,2054,1
68,2054,2
80,2054,5
94,2054,2
106,2054,6
117,2054,2
131,2054,2
153,2054,2
183,2054,2
191,2054,2
201,2054,2
212,2054,2
235,2054,1
262,2054,3
286,2054,3
297,2054,3
20,2055,1
20,146,4
32,146,1
46,146,3
58,146,3
68,146,4
80,146,7
94,146,12
106,146,5
117,146,5
131,146,7
140,146,6
153,146,5
170,146,3
183,146,1
191,146,1
201,146,2
212,146,1
235,146,3
248,146,5
262,146,4
275,146,1
286,146,2
292,146,2
297,146,3
310,146,3
322,146,4
27,2056,2
41,2056,2
230,2056,2
257,2056,2
27,2057,2
196,2057,1
27,2058,1
27,1494,1
41,1494,1
112,1494,1
135,1494,1
148,1494,1
178,1494,1
196,1494,1
305,1494,1
27,1862,1
41,1862,1
89,1862,2
106,1862,1
112,1862,2
117,1862,1
126,1862,6
131,1862,1
135,1862,3
153,1862,1
165,1862,2
183,1862,1
201,1862,1
212,1862,1
230,1862,2
270,1862,2
286,1862,1
317,1862,2
27,2059,7
75,2059,3
89,2059,3
112,2059,2
135,2059,2
148,2059,1
165,2059,1
207,2059,1
230,2059,1
305,2059,1
27,50,1
219,50,4
292,50,4
27,2060,1
27,948,2
41,948,1
75,948,3
101,948,3
112,948,2
126,948,2
135,948,2
148,948,5
165,948,1
178,948,1
186,948,2
196,948,2
207,948,3
219,948,5
230,948,1
243,948,2
257,948,1
270,948,1
281,948,4
292,948,1
305,948,3
317,948,2
27,2061,1
126,2061,1
186,2061,1
27,985,1
41,985,1
46,985,1
80,985,1
94,985,1
101,985,2
126,985,1
148,985,1
165,985,1
186,985,1
207,985,1
219,985,5
243,985,3
257,985,1
281,985,3
292,985,1
305,985,1
317,985,1
27,616,1
200,616,2
222,616,1
270,616,1
27,2062,1
41,2062,1
112,2062,1
148,2062,1
178,2062,1
196,2062,1
305,2062,1
27,962,1
179,962,2
27,1303,5
41,1303,6
75,1303,1
89,1303,3
101,1303,2
112,1303,1
126,1303,4
135,1303,4
148,1303,1
165,1303,6
178,1303,3
196,1303,2
207,1303,1
219,1303,3
230,1303,6
243,1303,3
257,1303,2
270,1303,2
281,1303,1
292,1303,1
317,1303,4
27,2063,2
27,252,2
42,252,1
54,252,1
76,252,6
90,252,1
149,252,2
197,252,2
220,252,3
27,2064,2
243,2064,1
27,113,1
271,113,2
27,1609,1
281,1609,1
27,137,1
165,137,1
219,137,1
243,137,1
27,2065,1
27,2066,2
165,2066,1
230,2066,1
243,2066,1
292,2066,1
27,1158,2
42,1158,1
79,1158,1
104,1158,2
105,1158,1
116,1158,2
136,1158,3
138,1158,2
139,1158,1
152,1158,1
169,1158,2
179,1158,2
208,1158,2
223,1158,2
285,1158,1
309,1158,1
321,1158,1
27,272,1
90,272,2
127,272,1
136,272,2
149,272,2
220,272,2
244,272,3
258,272,4
27,997,1
41,997,1
112,997,1
148,997,1
178,997,1
196,997,1
230,997,2
243,997,1
292,997,1
305,997,1
27,1307,2
80,1307,3
89,1307,2
131,1307,3
170,1307,3
230,1307,2
27,159,1
75,159,1
148,159,2
187,159,3
208,159,2
220,159,3
244,159,1
257,159,1
281,159,1
305,159,1
319,159,2
28,177,1
42,177,1
102,177,1
28,1559,3
41,1559,1
112,1559,1
135,1559,1
148,1559,1
165,1559,2
178,1559,1
196,1559,1
230,1559,3
243,1559,1
292,1559,1
305,1559,2
317,1559,3
28,2067,1
90,2067,2
136,2067,1
292,2067,3
28,2068,2
28,2069,1
42,2069,2
54,2069,3
91,2069,2
179,2069,1
187,2069,1
208,2069,1
244,2069,1
271,2069,1
318,2069,2
28,1202,1
90,1202,1
136,1202,2
166,1202,1
208,1202,1
244,1202,1
257,1202,1
271,1202,1
28,70,7
106,70,3
148,70,2
230,70,5
235,70,1
248,70,2
310,70,1
318,70,3
28,2070,3
42,2070,1
76,2070,2
101,2070,2
112,2070,2
127,2070,2
197,2070,2
208,2070,2
209,2070,3
221,2070,5
243,2070,2
258,2070,1
271,2070,2
272,2070,2
275,2070,4
305,2070,2
318,2070,3
28,2071,3
42,2071,1
66,2071,2
78,2071,2
92,2071,2
102,2071,2
104,2071,1
136,2071,3
151,2071,1
166,2071,2
179,2071,3
181,2071,1
187,2071,3
220,2071,1
231,2071,3
233,2071,2
273,2071,2
284,2071,4
28,676,1
76,676,1
90,676,1
149,676,1
166,676,2
187,676,1
244,676,1
271,676,1
28,578,1
153,578,1
166,578,2
258,578,1
262,578,1
275,578,1
28,350,3
28,1591,1
42,1591,4
66,1591,2
92,1591,3
104,1591,2
138,1591,2
168,1591,2
197,1591,4
210,1591,2
222,1591,2
246,1591,4
284,1591,2
318,1591,4
28,119,1
127,119,1
131,119,1
165,119,2
219,119,1
230,119,2
243,119,1
284,119,2
292,119,1
305,119,2
28,2072,2
102,2072,2
271,2072,1
310,2072,2
28,2073,2
179,2073,1
28,145,3
42,145,1
54,145,2
76,145,1
89,145,1
90,145,2
101,145,1
112,145,1
127,145,2
136,145,2
148,145,2
149,145,1
166,145,5
179,145,1
187,145,2
197,145,1
208,145,2
220,145,3
231,145,2
243,145,1
244,145,2
257,145,1
258,145,5
271,145,1
317,145,1
318,145,1
28,806,1
29,806,3
54,806,1
76,806,1
103,806,3
128,806,2
166,806,1
188,806,1
208,806,1
258,806,1
259,806,1
272,806,1
283,806,1
294,806,1
307,806,2
319,806,1
28,2074,2
318,2074,2
29,1749,1
29,1648,1
29,2075,2
65,2075,3
77,2075,4
91,2075,4
103,2075,9
114,2075,7
150,2075,4
180,2075,3
198,2075,4
232,2075,12
259,2075,11
272,2075,7
307,2075,4
29,757,2
77,757,1
245,757,1
29,346,2
91,346,2
150,346,4
209,346,2
259,346,3
29,2076,2
29,2077,1
259,2077,1
29,2078,2
43,2078,3
77,2078,1
128,2078,2
232,2078,2
29,363,1
103,363,1
114,363,4
128,363,1
150,363,1
180,363,1
221,363,1
232,363,2
259,363,1
294,363,4
307,363,1
29,2079,1
245,2079,1
259,2079,1
30,934,3
45,934,1
116,934,3
139,934,1
234,934,2
30,2080,1
30,1583,1
233,1583,3
30,2081,1
78,2081,1
104,2081,1
129,2081,2
138,2081,1
168,2081,1
273,2081,1
30,1702,1
57,1702,1
78,1702,3
92,1702,2
127,1702,1
181,1702,2
200,1702,1
246,1702,1
273,1702,1
284,1702,2
30,463,4
115,463,1
129,463,6
257,463,1
273,463,3
295,463,1
318,463,3
30,543,2
44,543,4
129,543,1
138,543,2
246,543,1
273,543,3
295,543,2
30,856,1
78,856,1
104,856,1
129,856,2
138,856,2
168,856,1
210,856,1
273,856,1
31,2082,1
31,2083,3
31,2084,1
57,2084,1
105,2084,1
139,2084,1
190,2084,4
31,1830,1
57,1830,1
284,1830,1
31,2085,4
67,2085,1
79,2085,2
93,2085,1
116,2085,2
139,2085,1
152,2085,1
169,2085,2
200,2085,1
274,2085,1
285,2085,2
296,2085,4
309,2085,2
31,1105,1
273,1105,1
31,2086,1
57,2086,4
79,2086,3
93,2086,2
105,2086,3
130,2086,4
139,2086,1
152,2086,2
169,2086,3
200,2086,1
234,2086,3
31,2087,1
45,2087,1
57,2087,3
67,2087,6
93,2087,6
116,2087,2
139,2087,6
152,2087,2
169,2087,1
200,2087,2
274,2087,2
285,2087,4
296,2087,6
309,2087,4
31,1109,1
31,925,2
45,925,1
152,925,1
169,925,1
247,925,3
31,1112,1
105,1112,4
31,1883,2
78,1883,2
210,1883,1
246,1883,1
273,1883,2
32,814,2
54,814,1
78,814,1
112,814,1
115,814,1
165,814,2
196,814,3
262,814,1
273,814,1
281,814,4
284,814,1
292,814,2
305,814,3
317,814,3
32,37,4
32,1561,3
305,1561,3
32,122,4
41,1338,1
112,1338,1
148,1338,1
178,1338,1
196,1338,1
210,1338,2
246,1338,2
273,1338,1
305,1338,1
41,2088,1
196,2088,1
41,1126,1
112,1126,1
135,1126,1
148,1126,1
178,1126,1
196,1126,1
305,1126,1
41,1015,1
112,1015,1
148,1015,1
165,1015,1
178,1015,1
196,1015,1
230,1015,1
243,1015,1
292,1015,1
305,1015,1
41,2089,1
89,2089,1
165,2089,1
230,2089,1
243,2089,1
41,2090,1
196,2090,1
41,995,4
41,2091,1
196,2091,1
41,2092,1
126,2092,1
41,154,1
101,154,2
126,154,4
41,156,1
41,2093,1
196,2093,1
42,2094,1
102,2094,1
42,1140,2
166,1140,2
208,1140,2
231,1140,1
42,2095,3
149,2095,4
187,2095,2
220,2095,1
271,2095,2
318,2095,4
42,1101,4
42,1601,1
284,1601,1
42,71,1
42,2096,2
166,2096,2
208,2096,2
42,2097,4
187,2097,2
197,2097,4
318,2097,4
42,274,1
149,274,3
187,274,1
197,274,1
42,2098,1
54,2098,1
76,2098,1
89,2098,1
42,1881,1
262,1881,1
43,297,1
77,297,1
91,297,1
114,297,1
128,297,2
137,297,2
232,297,1
43,1228,2
43,1040,1
77,1040,1
209,1040,1
232,1040,1
43,1231,2
77,1231,2
91,1231,3
103,1231,1
232,1231,1
259,1231,1
43,2099,3
317,2099,1
43,739,1
77,739,1
103,739,1
150,739,1
167,739,1
43,313,1
77,313,1
103,313,2
179,313,3
43,1319,2
43,2100,1
137,2100,1
259,2100,2
283,2100,2
43,2101,1
77,2101,1
103,2101,1
43,763,2
43,2102,3
65,2102,1
77,2102,3
114,2102,2
221,2102,2
232,2102,2
245,2102,3
259,2102,1
283,2102,1
294,2102,4
307,2102,6
43,2103,2
54,2103,2
77,2103,2
103,2103,2
43,2104,3
198,2104,3
44,393,2
78,393,1
92,393,2
104,393,1
115,393,1
222,393,2
244,393,1
246,393,1
44,2105,3
44,2106,1
44,879,3
45,1184,1
57,1184,1
116,1184,2
45,2107,4
92,2107,1
151,2107,2
190,2107,4
45,2108,1
67,2108,2
79,2108,1
169,2108,2
45,2109,3
67,2109,2
79,2109,2
116,2109,2
130,2109,2
169,2109,2
182,2109,2
200,2109,2
274,2109,2
45,2110,3
79,2110,3
105,2110,6
116,2110,6
139,2110,3
152,2110,3
200,2110,3
223,2110,6
234,2110,3
247,2110,2
261,2110,2
274,2110,4
285,2110,9
309,2110,3
321,2110,3
45,2111,2
105,2111,2
152,2111,2
182,2111,2
45,902,4
79,902,2
105,902,2
116,902,4
139,902,2
152,902,1
200,902,4
223,902,4
285,902,2
309,902,2
321,902,2
45,931,1
79,931,1
200,931,1
273,931,1
295,931,1
46,591,2
58,591,2
68,591,2
94,591,2
106,591,1
117,591,1
140,591,2
153,591,1
248,591,1
46,65,1
148,65,1
230,65,1
248,65,1
270,65,1
297,65,1
317,65,3
46,1433,1
58,1433,1
68,1433,1
94,1433,2
103,1433,2
117,1433,1
131,1433,2
188,1433,2
232,1433,2
272,1433,2
275,1433,1
283,1433,2
294,1433,2
297,1433,2
319,1433,2
322,1433,1
46,2112,1
58,2112,1
68,2112,1
106,2112,2
235,2112,1
248,2112,1
54,644,1
54,28,2
54,2113,1
102,2113,1
231,2113,2
318,2113,2
54,1460,1
54,2114,1
136,2114,1
166,2114,1
220,2114,1
258,2114,1
54,227,1
149,227,1
246,227,1
273,227,1
284,227,1
54,132,1
76,132,1
90,132,1
136,132,1
179,132,1
208,132,1
244,132,1
271,132,2
54,1312,1
231,1312,1
54,153,1
101,153,3
112,153,2
178,153,1
187,153,1
207,153,5
219,153,3
244,153,1
257,153,1
281,153,6
317,153,1
54,707,1
273,707,1
292,707,1
54,373,2
65,373,5
77,373,2
91,373,5
103,373,15
114,373,6
137,373,7
150,373,2
167,373,4
180,373,3
188,373,4
198,373,8
209,373,3
221,373,1
232,373,13
245,373,3
259,373,10
272,373,12
307,373,8
57,1096,1
93,1096,2
116,1096,2
57,881,2
57,526,1
57,1104,1
79,1104,1
93,1104,1
105,1104,1
116,1104,4
130,1104,1
139,1104,1
169,1104,2
200,1104,1
274,1104,1
285,1104,2
296,1104,3
309,1104,3
57,1482,1
79,1482,1
169,1482,2
57,1390,2
58,2115,1
131,2115,1
140,2115,1
248,2115,2
275,2115,1
58,1223,1
80,1223,2
94,1223,1
106,1223,1
170,1223,2
58,2116,2
68,2116,2
80,2116,2
94,2116,2
106,2116,3
170,2116,2
58,689,1
58,2117,1
80,2117,1
94,2117,4
106,2117,1
117,2117,1
170,2117,2
201,2117,1
235,2117,1
248,2117,1
297,2117,1
58,967,1
80,967,1
94,967,1
106,967,1
170,967,1
65,1752,2
150,1752,1
319,1752,2
65,2118,2
65,1234,1
65,318,2
128,318,1
209,318,1
221,318,1
283,318,1
307,318,1
65,2119,1
245,2119,1
65,2120,3
294,2120,1
65,835,3
139,835,1
167,835,4
65,1058,2
65,356,4
65,2121,1
167,2121,3
65,2122,3
66,2123,2
94,2123,1
66,2124,2
78,2124,2
138,2124,2
166,2124,2
168,2124,2
210,2124,2
222,2124,2
246,2124,1
284,2124,2
66,1696,2
78,1696,2
104,1696,1
129,1696,2
151,1696,1
168,1696,2
199,1696,1
210,1696,2
222,1696,1
233,1696,1
246,1696,2
273,1696,2
284,1696,1
292,1696,1
66,1508,2
115,1508,1
138,1508,1
66,1549,8
78,1549,4
104,1549,4
129,1549,6
168,1549,4
210,1549,4
246,1549,4
273,1549,4
66,479,2
92,479,1
129,479,3
168,479,3
222,479,3
233,479,2
273,479,2
66,2125,1
78,2125,3
129,2125,3
151,2125,2
168,2125,2
210,2125,2
222,2125,2
246,2125,2
273,2125,4
284,2125,2
66,559,2
93,559,4
151,559,2
210,559,2
274,559,7
67,1102,1
169,1102,1
67,1277,1
67,555,2
79,555,1
169,555,3
182,555,1
274,555,1
296,555,1
68,1281,1
106,1281,1
117,1281,1
153,1281,1
179,1281,1
208,1281,1
68,2126,2
273,2126,4
68,979,1
101,979,1
178,979,1
243,979,1
68,69,2
89,69,1
101,69,1
102,69,2
126,69,2
207,69,1
262,69,1
292,69,1
68,987,1
75,654,3
75,1584,2
89,1584,1
178,1584,1
186,1584,1
248,1584,2
257,1584,1
262,1584,3
292,1584,1
297,1584,2
305,1584,2
75,2127,1
75,530,1
169,530,1
257,530,1
75,86,1
234,86,1
75,2128,1
112,2128,1
186,2128,1
219,2128,1
75,1803,1
243,1803,1
76,379,1
90,379,1
127,379,1
76,2129,1
76,1710,3
76,207,1
102,207,1
136,207,1
149,207,1
153,207,1
179,207,1
197,207,1
76,632,2
77,735,2
103,735,2
77,1871,2
77,2130,1
103,2130,1
167,2130,1
180,2130,1
188,2130,1
220,2130,1
232,2130,1
245,2130,1
259,2130,1
283,2130,1
77,1317,1
77,1849,2
283,1849,2
77,2131,2
77,1246,2
77,2132,4
78,815,1
115,815,1
129,815,2
222,815,1
273,815,1
295,815,2
78,1253,4
78,828,2
129,828,2
149,828,2
151,828,5
181,828,1
210,828,3
222,828,4
233,828,1
246,828,4
273,828,1
284,828,4
295,828,5
78,2133,1
181,2133,2
273,2133,1
284,2133,2
295,2133,1
78,1344,1
220,1344,1
284,1344,2
295,1344,3
78,90,1
136,90,1
78,2134,1
295,2134,1
78,2135,2
78,1510,1
78,2136,3
273,2136,2
78,490,1
115,490,1
138,490,1
169,490,2
247,490,2
285,490,2
296,490,2
309,490,2
321,490,2
78,2137,2
129,2137,1
210,2137,2
222,2137,2
246,2137,2
284,2137,2
295,2137,2
78,2138,1
104,2138,2
181,2138,2
79,125,4
105,125,2
116,125,1
190,125,1
223,125,1
247,125,1
261,125,1
274,125,1
285,125,1
79,2139,3
152,2139,2
234,2139,4
247,2139,2
79,558,2
129,558,3
168,558,3
222,558,3
274,558,2
80,1369,1
153,1369,1
297,1369,2
80,966,1
90,966,2
106,966,2
117,966,1
131,966,1
179,966,2
271,966,3
80,2140,1
94,2140,1
106,2140,1
297,2140,3
89,1378,1
101,1378,1
112,1378,1
148,1378,2
89,26,1
89,2141,1
207,2141,1
281,2141,1
292,2141,1
89,977,1
186,977,1
230,977,3
243,977,1
89,2142,1
89,665,1
89,1387,2
112,1387,2
165,1387,4
243,1387,3
270,1387,1
89,566,4
153,566,1
243,566,1
297,566,1
89,618,1
101,618,1
112,618,1
126,618,1
148,618,2
89,2143,2
101,2143,2
127,2143,2
166,2143,1
270,2143,1
271,2143,1
305,2143,1
89,128,1
89,2144,1
127,2144,3
165,2144,2
196,2144,4
197,2144,2
207,2144,1
230,2144,1
243,2144,1
244,2144,1
258,2144,3
281,2144,2
292,2144,2
318,2144,3
89,144,1
318,144,2
89,1394,1
101,1394,1
112,1394,1
148,1394,2
89,2145,2
135,2145,4
243,2145,8
90,2146,2
90,1822,3
166,1822,1
208,1822,1
318,1822,2
90,673,1
90,2147,1
90,139,3
136,139,2
179,139,3
90,2148,1
90,2149,2
102,2149,2
208,2149,2
91,2150,2
272,2150,3
91,2151,3
91,2152,2
91,1056,1
167,1056,1
91,2153,2
221,2153,2
272,2153,2
92,2154,2
151,2154,2
92,1740,1
222,1740,1
92,2155,1
138,2155,2
151,2155,1
168,2155,1
210,2155,1
222,2155,1
92,2156,3
246,2156,1
284,2156,2
92,1155,2
92,2157,1
151,2157,1
168,2157,1
210,2157,1
222,2157,1
92,2158,4
104,2158,1
129,2158,1
210,2158,2
222,2158,2
273,2158,2
92,2159,1
138,2159,1
151,2159,1
168,2159,1
210,2159,1
222,2159,1
295,2159,1
93,878,1
101,878,1
105,878,2
112,878,1
178,878,1
94,1901,2
131,1901,1
149,1901,2
153,1901,1
170,1901,1
244,1901,1
248,1901,2
310,1901,1
322,1901,2
94,961,1
117,961,1
170,961,1
94,2160,2
101,22,3
196,22,1
101,592,2
112,592,2
305,592,1
101,1442,2
165,1442,1
101,56,4
101,1262,1
101,1496,1
273,1496,1
101,443,1
112,443,1
305,443,1
101,984,1
126,984,1
219,984,1
102,1430,2
102,2161,3
102,1751,1
128,1751,2
137,1751,2
150,1751,2
188,1751,2
102,2162,2
136,2162,2
179,2162,4
187,2162,4
220,2162,2
231,2162,4
102,2163,2
102,1402,1
179,1402,2
102,2164,1
102,698,1
102,2165,2
102,1000,2
103,1042,1
180,1042,1
103,2166,3
137,2166,3
103,1468,1
103,1326,2
114,1326,2
209,1326,3
245,1326,2
283,1326,6
103,2167,1
103,1061,1
104,2168,3
104,2169,2
210,2169,1
104,524,1
104,833,1
115,833,2
129,833,2
138,833,2
210,833,2
104,836,1
105,2170,3
105,2171,3
105,1654,3
129,1654,1
169,1654,4
190,1654,1
247,1654,4
274,1654,2
296,1654,2
321,1654,2
105,2172,1
105,2173,1
105,483,1
105,2174,2
139,2174,1
274,2174,1
309,2174,1
105,556,1
169,556,1
270,556,4
318,556,2
112,2175,2
112,590,1
135,590,1
112,2176,1
112,1594,1
112,2177,1
186,2177,2
196,2177,2
114,2178,1
114,2179,2
114,2180,2
221,2180,2
272,2180,5
114,1507,2
128,1507,2
150,1507,2
283,1507,1
307,1507,1
114,2181,2
259,2181,2
307,2181,2
114,808,2
115,2182,1
138,2182,1
115,2183,2
151,2183,2
246,2183,1
284,2183,2
115,2184,1
115,2185,1
138,2185,1
140,2185,1
115,2186,1
129,2186,1
151,2186,1
199,2186,1
273,2186,4
115,2187,1
138,2187,1
139,2187,2
116,2188,2
139,2188,2
116,546,2
130,546,1
139,546,2
152,546,1
169,546,2
190,546,3
223,546,2
234,546,3
247,546,1
261,546,2
274,546,3
285,546,3
296,546,1
309,546,1
321,546,1
116,2189,1
139,2189,1
117,2190,3
131,2190,3
117,1434,1
131,1434,1
126,820,1
148,820,1
165,820,1
257,820,1
317,820,2
126,576,1
126,2191,3
127,584,1
197,584,1
127,2192,2
208,2192,1
258,2192,2
127,2193,2
179,2193,1
127,249,3
187,249,1
271,249,4
127,1531,1
197,1531,2
258,1531,1
318,1531,1
128,1534,1
128,1504,1
232,1504,1
259,1504,1
307,1504,3
129,2194,2
129,872,1
129,2195,1
129,1463,1
129,1551,1
129,2196,1
273,2196,1
129,2197,2
168,2197,3
246,2197,2
273,2197,7
295,2197,3
129,2198,1
273,2198,1
284,2198,2
130,2199,2
131,2200,1
153,2200,1
135,2201,1
270,2201,1
297,2201,1
135,1560,1
135,2202,1
135,2203,1
135,75,2
257,75,1
281,75,1
135,1106,1
281,1106,2
135,97,1
135,2204,2
135,2205,1
135,1457,2
136,1008,2
149,1008,1
179,1008,3
187,1008,2
208,1008,2
220,1008,1
231,1008,2
136,2206,1
136,229,1
321,229,2
136,236,2
136,2207,1
137,756,3
180,756,3
232,756,3
307,756,3
137,1421,1
307,1421,1
138,1884,1
138,1618,4
270,1618,1
139,534,1
223,534,2
274,534,2
309,534,3
321,534,1
139,1408,2
140,2208,1
140,2209,1
148,108,1
149,2210,2
197,2210,2
149,1524,1
274,1524,1
296,1524,1
149,2211,2
187,2211,3
220,2211,1
271,2211,2
149,1668,2
187,1668,1
208,1668,1
307,1668,4
149,438,1
197,438,1
246,438,1
273,438,3
295,438,3
149,2212,3
318,2212,3
150,2213,5
221,2213,3
245,2213,2
272,2213,3
150,2214,3
150,2215,2
221,2215,1
272,2215,1
151,390,1
258,390,1
151,2216,1
152,519,1
169,519,1
152,550,1
153,2217,1
165,2218,3
165,2219,1
165,29,1
243,29,1
165,2220,1
273,2220,4
292,2220,1
165,2221,1
165,1790,1
165,998,1
292,998,1
317,998,2
166,1511,1
166,2222,1
166,1647,1
220,1647,1
167,1470,1
168,2223,1
189,2223,1
199,2223,2
210,2223,1
222,2223,1
233,2223,1
168,1261,2
222,1261,2
168,890,2
199,890,2
210,890,4
222,890,2
233,890,2
168,2224,2
168,1652,2
169,2225,1
182,2225,1
169,2226,1
169,2227,1
169,1861,1
200,1861,1
169,1212,1
169,446,1
200,446,1
247,446,1
169,536,2
182,536,1
169,2228,1
169,2229,1
274,2229,1
309,2229,1
321,2229,1
178,2230,1
179,1120,3
230,1120,1
179,1495,1
179,2231,3
179,2232,1
180,1413,1
221,1413,1
180,1320,1
232,1320,1
307,1320,1
180,2233,2
259,2233,1
181,2234,2
230,2234,4
257,2234,4
295,2234,2
181,858,1
261,858,2
274,858,2
285,858,4
182,2235,1
182,1486,1
186,586,3
230,586,2
186,1441,1
186,2236,1
219,2236,1
186,1527,1
186,231,1
187,21,1
220,21,1
231,21,1
273,21,1
296,21,1
187,2237,1
188,733,4
188,2238,2
307,2238,2
189,2239,1
189,244,2
210,244,2
222,244,2
190,2240,1
196,2241,1
196,2242,1
196,2243,1
196,2244,1
196,999,1
196,2245,1
197,617,1
305,617,4
318,617,1
197,2246,1
318,2246,3
197,631,1
198,1161,2
199,2247,1
246,2247,1
273,2247,1
199,1088,1
219,1088,1
199,1698,1
246,1698,1
284,1698,2
295,1698,2
199,2248,1
207,978,1
270,978,1
207,80,1
243,80,2
207,619,1
207,2249,1
208,2250,2
231,2250,1
208,2251,1
208,1152,1
243,1152,1
318,1152,1
209,309,1
230,309,1
209,2252,4
210,2253,1
219,2254,1
243,2254,1
219,2255,1
281,2255,1
305,2255,1
219,112,1
219,2256,1
259,2256,1
283,2256,1
219,2257,1
305,2257,2
220,326,1
220,2258,2
220,288,1
221,2259,2
221,362,1
272,362,1
222,2260,1
222,422,1
222,2261,1
222,2262,2
222,1842,1
273,1842,2
223,2263,4
230,2264,1
230,2265,2
230,1068,1
243,1068,1
292,1068,1
230,1741,1
230,1611,4
257,1611,4
230,2266,1
230,2267,1
230,1787,1
243,1787,1
317,1787,1
230,1816,1
230,93,1
230,136,2
230,634,1
230,636,1
230,1617,4
257,1617,4
232,2268,2
307,2268,2
232,2269,4
307,2269,4
234,2270,2
321,2270,2
234,2271,1
234,1770,2
321,1770,3
234,898,1
234,352,4
272,352,4
319,352,4
243,42,1
292,42,1
243,686,1
317,686,1
244,196,1
318,196,1
245,2272,2
245,799,2
246,2273,2
246,2274,1
284,2274,2
295,2274,3
246,2275,2
284,2275,4
246,1798,1
284,1798,2
247,918,2
257,2276,2
317,2276,4
258,1404,2
258,2277,3
259,2278,2
259,792,2
261,1810,2
274,1810,2
285,1810,4
296,1810,2
261,1582,1
274,1582,1
285,1582,3
270,2279,2
270,2280,3
271,51,1
271,1147,1
271,2281,1
271,2282,4
273,2283,1
295,2283,1
273,1526,1
273,424,1
295,424,2
273,2284,1
273,2285,4
273,2286,1
273,2287,1
273,1835,1
273,2288,2
273,1843,2
281,609,2
283,2289,3
283,1850,1
283,2290,2
284,2291,1
284,2292,1
295,2292,2
284,2293,1
284,2294,1
284,2295,1
285,450,2
296,450,2
309,450,2
285,2296,1
286,971,1
292,2297,2
292,1305,1
292,134,4
294,337,3
294,2298,2
295,2299,1
295,1074,2
295,1900,1
296,2300,1
309,2300,2
297,201,2
305,1,1
305,209,1
305,605,1
305,2301,1
305,1388,1
305,1522,1
305,1446,1
305,1366,1
305,1641,2
307,1893,1
309,1915,2
309,2302,1
309,2303,1
317,937,2
317,2304,2
317,2305,4
317,809,1
318,2306,1
318,2307,1
318,1676,2
318,1087,1
318,2308,1
318,1034,1
321,2309,1
321,1782,2
